INSERT OR REPLACE INTO kv(key,value) VALUES('clusters','{"weird":{"label":"European uncanny","color":"#3E7C76"},"core":{"label":"Dread → concrete threat","color":"#D9822B"},"noir":{"label":"Noir, giallo & thrillers","color":"#8C4A4A"},"consp":{"label":"Conspiracy & accretion","color":"#7B6FC4"},"slash":{"label":"Slasher, survival, paperback","color":"#C94F42"},"dream":{"label":"Dreamlike & tonal shift","color":"#4C7FB8"},"spare":{"label":"Elemental & spare","color":"#6B8F52"},"latam":{"label":"Latin American","color":"#C06A93"},"asian":{"label":"Asian","color":"#B8912F"},"african":{"label":"African","color":"#85853B"},"fantasy":{"label":"Medieval, grotesque & dark fantasy","color":"#5E5A8F"},"meta":{"label":"Directors & publishers","color":"#8F8D86"}}');
INSERT OR IGNORE INTO nodes(id,label,type,cluster,note) VALUES('blackwood','Algernon Blackwood','influence','core','Nature as hostile cosmic presence; a core touchstone.');
INSERT OR IGNORE INTO nodes(id,label,type,cluster,note) VALUES('machen','Arthur Machen','influence','weird','Occult-industrial dread; uncanny that steps into the room.');
INSERT OR IGNORE INTO nodes(id,label,type,cluster,note) VALUES('aickman','Robert Aickman','influence','weird','Strange stories; dread that outlasts the reading.');
INSERT OR IGNORE INTO nodes(id,label,type,cluster,note) VALUES('ligotti','Thomas Ligotti','influence','weird','Philosophical pessimism as horror.');
INSERT OR IGNORE INTO nodes(id,label,type,cluster,note) VALUES('grabinski','Stefan Grabiński','influence','weird','Polish weird fiction; motion and machinery haunted.');
INSERT OR IGNORE INTO nodes(id,label,type,cluster,note) VALUES('ewers','Hanns Heinz Ewers','influence','weird','Decadent-psychological German horror.');
INSERT OR IGNORE INTO nodes(id,label,type,cluster,note) VALUES('jackson','Shirley Jackson','influence','core','Domestic register tipping into menace.');
INSERT OR IGNORE INTO nodes(id,label,type,cluster,note) VALUES('leiber','Fritz Leiber','influence','core','Urban supernatural; Smoke Ghost is a touchstone.');
INSERT OR IGNORE INTO nodes(id,label,type,cluster,note) VALUES('mcdowell','Michael McDowell','influence','core','Southern Gothic; landscape as threat.');
INSERT OR IGNORE INTO nodes(id,label,type,cluster,note) VALUES('tuttle','Lisa Tuttle','influence','core','Dread out of view, then a real monster.');
INSERT OR IGNORE INTO nodes(id,label,type,cluster,note) VALUES('wagner','Karl Edward Wagner','influence','core','Cosmic, visceral, bleak worldview.');
INSERT OR IGNORE INTO nodes(id,label,type,cluster,note) VALUES('scerbanenco','Giorgio Scerbanenco','influence','noir','Literary root of giallo fiction.');
INSERT OR IGNORE INTO nodes(id,label,type,cluster,note) VALUES('hughes','Dorothy B. Hughes','influence','noir','The villain as protagonist; interior inescapability.');
INSERT OR IGNORE INTO nodes(id,label,type,cluster,note) VALUES('thompson','Jim Thompson','influence','noir','Killer''s POV, flat affectless voice.');
INSERT OR IGNORE INTO nodes(id,label,type,cluster,note) VALUES('mccarthy','Cormac McCarthy','influence','noir','Fate wearing a human face.');
INSERT OR IGNORE INTO nodes(id,label,type,cluster,note) VALUES('christie','Agatha Christie','influence','slash','Proto-slasher structure; the group picked off.');
INSERT OR IGNORE INTO nodes(id,label,type,cluster,note) VALUES('demaria','Giorgio De Maria','influence','consp','Conspiracy assembling outside the narration.');
INSERT OR IGNORE INTO nodes(id,label,type,cluster,note) VALUES('sebald','W.G. Sebald','influence','consp','Accretive essay-novels; the past contaminating the present.');
INSERT OR IGNORE INTO nodes(id,label,type,cluster,note) VALUES('bolano','Roberto Bolaño','influence','consp','Conspiracy, violence, literary ambition.');
INSERT OR IGNORE INTO nodes(id,label,type,cluster,note) VALUES('knausgard','Karl Ove Knausgård','influence','consp','The uncanny bleeding into ordinary life.');
INSERT OR IGNORE INTO nodes(id,label,type,cluster,note) VALUES('bernhard','Thomas Bernhard','influence','consp','Obsessive monologue; bleakness as form.');
INSERT OR IGNORE INTO nodes(id,label,type,cluster,note) VALUES('labatut','Benjamín Labatut','influence','consp','Scientific knowledge as dread.');
INSERT OR IGNORE INTO nodes(id,label,type,cluster,note) VALUES('cole','Teju Cole','influence','consp','Associative vignettes building a theme.');
INSERT OR IGNORE INTO nodes(id,label,type,cluster,note) VALUES('ketchum','Jack Ketchum','influence','slash','Realistic, human threat; no camp.');
INSERT OR IGNORE INTO nodes(id,label,type,cluster,note) VALUES('lansdale','Joe R. Lansdale','influence','slash','Serious horror and drama only — not the humor.');
INSERT OR IGNORE INTO nodes(id,label,type,cluster,note) VALUES('sgj','Stephen Graham Jones','influence','slash','Selective: relentless-antagonist work, not the genre-referential.');
INSERT OR IGNORE INTO nodes(id,label,type,cluster,note) VALUES('king','Stephen King','influence','slash','Survival compressed into a single trap.');
INSERT OR IGNORE INTO nodes(id,label,type,cluster,note) VALUES('partridge','Norman Partridge','influence','slash','October-night antagonist, taken straight.');
INSERT OR IGNORE INTO nodes(id,label,type,cluster,note) VALUES('duras','Marguerite Duras','influence','dream','Dreamlike register; dread without a tonal seam.');
INSERT OR IGNORE INTO nodes(id,label,type,cluster,note) VALUES('rulfo','Juan Rulfo','influence','dream','Dead-town ghost story; compression and method.');
INSERT OR IGNORE INTO nodes(id,label,type,cluster,note) VALUES('dumaurier','Daphne du Maurier','influence','dream','Dreamlike shifting suddenly into the concrete.');
INSERT OR IGNORE INTO nodes(id,label,type,cluster,note) VALUES('queneau','Raymond Queneau','influence','dream','Light, associative, low-tension surface.');
INSERT OR IGNORE INTO nodes(id,label,type,cluster,note) VALUES('evenson','Brian Evenson','influence','spare','Spare and violent; no sentimentality.');
INSERT OR IGNORE INTO nodes(id,label,type,cluster,note) VALUES('hamsun','Knut Hamsun','influence','spare','Elemental prose reduced to essentials.');
INSERT OR IGNORE INTO nodes(id,label,type,cluster,note) VALUES('bass','Rick Bass','influence','spare','Not horror; awe from basic expressive elements.');
INSERT OR IGNORE INTO nodes(id,label,type,cluster,note) VALUES('enriquez','Mariana Enriquez','influence','latam','Culturally grounded supernatural, bleak.');
INSERT OR IGNORE INTO nodes(id,label,type,cluster,note) VALUES('moshfegh','Ottessa Moshfegh','influence','fantasy','Self-disgusted narrators; medieval grotesque.');
INSERT OR IGNORE INTO nodes(id,label,type,cluster,note) VALUES('carpenter','John Carpenter','director','meta','Inescapable antagonist; survival framework.');
INSERT OR IGNORE INTO nodes(id,label,type,cluster,note) VALUES('argento','Dario Argento','director','meta','Giallo style; dread with spectacle.');
INSERT OR IGNORE INTO nodes(id,label,type,cluster,note) VALUES('lynch','David Lynch','director','meta','Naturalism with dream logic; unresolved.');
INSERT OR IGNORE INTO nodes(id,label,type,cluster,note) VALUES('rugna','Demián Rugna','director','meta','Argentine horror; dread plus concrete threat.');
INSERT OR IGNORE INTO nodes(id,label,type,cluster,note) VALUES('valancourt','Valancourt Books','publisher','meta','Recovered Gothic and weird fiction; reliable fit.');
INSERT OR IGNORE INTO nodes(id,label,type,cluster,note) VALUES('wordhorde','Word Horde','publisher','meta','Contemporary weird in the Barron lineage.');
INSERT OR IGNORE INTO nodes(id,label,type,cluster,note) VALUES('jeanray','Jean Ray','rec','weird','Belgian weird; Grabiński''s closest neighbor.');
INSERT OR IGNORE INTO nodes(id,label,type,cluster,note) VALUES('meyrink','Gustav Meyrink','rec','weird','Prague occult dread, reality layering.');
INSERT OR IGNORE INTO nodes(id,label,type,cluster,note) VALUES('kubin','Alfred Kubin','rec','weird','Dream-city collapsing from within.');
INSERT OR IGNORE INTO nodes(id,label,type,cluster,note) VALUES('perutz','Leo Perutz','rec','weird','Fate-machinery under historical settings.');
INSERT OR IGNORE INTO nodes(id,label,type,cluster,note) VALUES('hodgson','William Hope Hodgson','rec','weird','Cosmic dread, strange structure.');
INSERT OR IGNORE INTO nodes(id,label,type,cluster,note) VALUES('mrjames','M.R. James','rec','weird','Suggestion, then the thing is in the room.');
INSERT OR IGNORE INTO nodes(id,label,type,cluster,note) VALUES('hoffmann','E.T.A. Hoffmann','rec','weird','Source of the Central European uncanny.');
INSERT OR IGNORE INTO nodes(id,label,type,cluster,note) VALUES('hedayat','Sadegh Hedayat','rec','weird','Obsessive, cyclical, deeply unwell narration.');
INSERT OR IGNORE INTO nodes(id,label,type,cluster,note) VALUES('schulz','Bruno Schulz','rec','weird','Reality dissolving at the edges.');
INSERT OR IGNORE INTO nodes(id,label,type,cluster,note) VALUES('davila','Amparo Dávila','rec','weird','Unnamed threats, no explanations.');
INSERT OR IGNORE INTO nodes(id,label,type,cluster,note) VALUES('kavan','Anna Kavan','rec','weird','Pursuit as cosmic inevitability.');
INSERT OR IGNORE INTO nodes(id,label,type,cluster,note) VALUES('barron','Laird Barron','rec','core','Cosmic dread materializing; skip The Croning, read the stories.');
INSERT OR IGNORE INTO nodes(id,label,type,cluster,note) VALUES('klein','T.E.D. Klein','rec','core','Literary weird taken completely straight.');
INSERT OR IGNORE INTO nodes(id,label,type,cluster,note) VALUES('lamsley','Terry Lamsley','rec','core','Village dread producing something monstrous.');
INSERT OR IGNORE INTO nodes(id,label,type,cluster,note) VALUES('straub','Peter Straub','rec','core','Atmospheric presence that gains weight and agency.');
INSERT OR IGNORE INTO nodes(id,label,type,cluster,note) VALUES('tryon','Thomas Tryon','rec','core','American Gothic; folk horror discovered too late.');
INSERT OR IGNORE INTO nodes(id,label,type,cluster,note) VALUES('grant','Charles L. Grant','rec','core','Quiet horror; atmosphere over incident.');
INSERT OR IGNORE INTO nodes(id,label,type,cluster,note) VALUES('rcampbell','Ramsey Campbell','rec','core','Hit or miss across a huge output; strong at his best.');
INSERT OR IGNORE INTO nodes(id,label,type,cluster,note) VALUES('kiernan','Caitlín R. Kiernan','rec','core','Cosmic dread never explained away.');
INSERT OR IGNORE INTO nodes(id,label,type,cluster,note) VALUES('simmons','Dan Simmons','rec','core','Inescapable threat; no lightness anywhere.');
INSERT OR IGNORE INTO nodes(id,label,type,cluster,note) VALUES('farris','John Farris','rec','core','Gothic, visceral, underread.');
INSERT OR IGNORE INTO nodes(id,label,type,cluster,note) VALUES('ballingrud','Nathan Ballingrud','rec','core','Visceral, bleak, supernatural taken straight.');
INSERT OR IGNORE INTO nodes(id,label,type,cluster,note) VALUES('tremblay','Paul Tremblay','rec','core','Jackson-inflected ambiguity.');
INSERT OR IGNORE INTO nodes(id,label,type,cluster,note) VALUES('draymond','Derek Raymond','rec','noir','Almost horror in register; no procedural comfort.');
INSERT OR IGNORE INTO nodes(id,label,type,cluster,note) VALUES('goodis','David Goodis','rec','noir','Protagonists already destroyed before page one.');
INSERT OR IGNORE INTO nodes(id,label,type,cluster,note) VALUES('woolrich','Cornell Woolrich','rec','noir','Paranoid urban dread; supernatural treated straight.');
INSERT OR IGNORE INTO nodes(id,label,type,cluster,note) VALUES('highsmith','Patricia Highsmith','rec','noir','The horror is the protagonist.');
INSERT OR IGNORE INTO nodes(id,label,type,cluster,note) VALUES('gresham','William Lindsay Gresham','rec','noir','Fate as trap; carnival bleakness.');
INSERT OR IGNORE INTO nodes(id,label,type,cluster,note) VALUES('manchette','Jean-Patrick Manchette','rec','noir','Existential, violent, stripped prose.');
INSERT OR IGNORE INTO nodes(id,label,type,cluster,note) VALUES('malet','Léo Malet','rec','noir','Founding French noir; Série Noire lineage.');
INSERT OR IGNORE INTO nodes(id,label,type,cluster,note) VALUES('lucarelli','Carlo Lucarelli','rec','noir','Contemporary giallo line; bleak.');
INSERT OR IGNORE INTO nodes(id,label,type,cluster,note) VALUES('ellroy','James Ellroy','rec','noir','Corruption all the way down.');
INSERT OR IGNORE INTO nodes(id,label,type,cluster,note) VALUES('harris','Thomas Harris','rec','noir','Antagonist interiority as genuine horror.');
INSERT OR IGNORE INTO nodes(id,label,type,cluster,note) VALUES('mcgrath','Patrick McGrath','rec','noir','Clinical tone, unreliable narrators.');
INSERT OR IGNORE INTO nodes(id,label,type,cluster,note) VALUES('vachss','Andrew Vachss','rec','noir','Human monsters; extremely dark worldview.');
INSERT OR IGNORE INTO nodes(id,label,type,cluster,note) VALUES('lecarre','John le Carré','rec','noir','Institutional betrayal; the plot larger than the protagonist.');
INSERT OR IGNORE INTO nodes(id,label,type,cluster,note) VALUES('furst','Alan Furst','rec','noir','Historical threat as atmosphere.');
INSERT OR IGNORE INTO nodes(id,label,type,cluster,note) VALUES('fitzek','Sebastian Fitzek','rec','noir','German survival-stakes thriller.');
INSERT OR IGNORE INTO nodes(id,label,type,cluster,note) VALUES('grange','Jean-Christophe Grangé','rec','noir','French thriller with horror overtones.');
INSERT OR IGNORE INTO nodes(id,label,type,cluster,note) VALUES('theorin','Johan Theorin','rec','noir','Swedish Gothic, atmospheric, concrete threat.');
INSERT OR IGNORE INTO nodes(id,label,type,cluster,note) VALUES('urban','Simon Urban','rec','noir','Alternate-history noir; conspiracy outside the frame.');
INSERT OR IGNORE INTO nodes(id,label,type,cluster,note) VALUES('schirach','Ferdinand von Schirach','rec','noir','Cold, clinical, contained dread.');
INSERT OR IGNORE INTO nodes(id,label,type,cluster,note) VALUES('sciascia','Leonardo Sciascia','rec','consp','De Maria''s closest neighbor; conspiracy unacknowledged.');
INSERT OR IGNORE INTO nodes(id,label,type,cluster,note) VALUES('lem','Stanisław Lem','rec','consp','The universe declines to explain itself.');
INSERT OR IGNORE INTO nodes(id,label,type,cluster,note) VALUES('delillo','Don DeLillo','rec','consp','Conspiracy as cosmic inevitability.');
INSERT OR IGNORE INTO nodes(id,label,type,cluster,note) VALUES('kis','Danilo Kiš','rec','consp','The historical record as active threat.');
INSERT OR IGNORE INTO nodes(id,label,type,cluster,note) VALUES('marias','Javier Marías','rec','consp','Essayistic prose, menace assembling slowly.');
INSERT OR IGNORE INTO nodes(id,label,type,cluster,note) VALUES('krasznahorkai','László Krasznahorkai','rec','consp','The plot arriving like weather.');
INSERT OR IGNORE INTO nodes(id,label,type,cluster,note) VALUES('spark','Muriel Spark','rec','consp','The ending telegraphed; pure structural dread.');
INSERT OR IGNORE INTO nodes(id,label,type,cluster,note) VALUES('kristof','Agota Kristof','rec','consp','Systemic, cold, quietly corrupting.');
INSERT OR IGNORE INTO nodes(id,label,type,cluster,note) VALUES('auster','Paul Auster','rec','consp','The investigator dissolves into the investigation.');
INSERT OR IGNORE INTO nodes(id,label,type,cluster,note) VALUES('gombrowicz','Witold Gombrowicz','rec','consp','Pattern recognition as dread.');
INSERT OR IGNORE INTO nodes(id,label,type,cluster,note) VALUES('kadare','Ismail Kadare','rec','consp','Bureaucratic supernatural; the state as antagonist.');
INSERT OR IGNORE INTO nodes(id,label,type,cluster,note) VALUES('kafka','Franz Kafka','rec','consp','The machinery never explained.');
INSERT OR IGNORE INTO nodes(id,label,type,cluster,note) VALUES('durrenmatt','Friedrich Dürrenmatt','rec','consp','The detective story that refuses to resolve.');
INSERT OR IGNORE INTO nodes(id,label,type,cluster,note) VALUES('tabucchi','Antonio Tabucchi','rec','consp','Something assembling outside the frame.');
INSERT OR IGNORE INTO nodes(id,label,type,cluster,note) VALUES('buzzati','Dino Buzzati','rec','consp','The dread is the waiting itself.');
INSERT OR IGNORE INTO nodes(id,label,type,cluster,note) VALUES('carrere','Emmanuel Carrère','rec','consp','Documentary structure meeting what it can''t account for.');
INSERT OR IGNORE INTO nodes(id,label,type,cluster,note) VALUES('modiano','Patrick Modiano','rec','consp','Investigations of the past that won''t resolve.');
INSERT OR IGNORE INTO nodes(id,label,type,cluster,note) VALUES('houellebecq','Michel Houellebecq','rec','consp','Scientific knowledge as horror; cold.');
INSERT OR IGNORE INTO nodes(id,label,type,cluster,note) VALUES('macfarlane','Robert Macfarlane','rec','consp','Landscape vignettes accruing genuine dark.');
INSERT OR IGNORE INTO nodes(id,label,type,cluster,note) VALUES('laymon','Richard Laymon','rec','slash','Pure survival, uneven but committed.');
INSERT OR IGNORE INTO nodes(id,label,type,cluster,note) VALUES('morrell','David Morrell','rec','slash','Stripped to survival; bleaker than the film.');
INSERT OR IGNORE INTO nodes(id,label,type,cluster,note) VALUES('koontz','Dean Koontz','rec','slash','Single location, inescapable pursuer.');
INSERT OR IGNORE INTO nodes(id,label,type,cluster,note) VALUES('rexmiller','Rex Miller','rec','slash','Chaingang: the closest print Jason.');
INSERT OR IGNORE INTO nodes(id,label,type,cluster,note) VALUES('saul','John Saul','rec','slash','Paperback-era inescapable threat.');
INSERT OR IGNORE INTO nodes(id,label,type,cluster,note) VALUES('herbert','James Herbert','rec','slash','UK boom trigger; visceral survival.');
INSERT OR IGNORE INTO nodes(id,label,type,cluster,note) VALUES('hutson','Shaun Hutson','rec','slash','NEL-era British horror; relentless.');
INSERT OR IGNORE INTO nodes(id,label,type,cluster,note) VALUES('guysmith','Guy N. Smith','rec','slash','Pulpy but the threat is concrete.');
INSERT OR IGNORE INTO nodes(id,label,type,cluster,note) VALUES('bloch','Robert Bloch','rec','slash','The direct slasher template.');
INSERT OR IGNORE INTO nodes(id,label,type,cluster,note) VALUES('connell','Richard Connell','rec','slash','Pure hunted-protagonist precursor.');
INSERT OR IGNORE INTO nodes(id,label,type,cluster,note) VALUES('jonquet','Thierry Jonquet','rec','slash','Confined, inescapable French thriller.');
INSERT OR IGNORE INTO nodes(id,label,type,cluster,note) VALUES('boileau','Boileau-Narcejac','rec','slash','Pursuit and dread; no exit.');
INSERT OR IGNORE INTO nodes(id,label,type,cluster,note) VALUES('leroux','Gaston Leroux','rec','slash','Pursuit with a concrete antagonist.');
INSERT OR IGNORE INTO nodes(id,label,type,cluster,note) VALUES('donoso','José Donoso','rec','dream','Total unresolved uncanny; Lynch register.');
INSERT OR IGNORE INTO nodes(id,label,type,cluster,note) VALUES('hawkes','John Hawkes','rec','dream','The most Lynch-like novelist; menace structural.');
INSERT OR IGNORE INTO nodes(id,label,type,cluster,note) VALUES('ballard','J.G. Ballard','rec','dream','Clinical tone over extreme content.');
INSERT OR IGNORE INTO nodes(id,label,type,cluster,note) VALUES('djohnson','Denis Johnson','rec','dream','Violence arrives mid-sentence, no warning shift.');
INSERT OR IGNORE INTO nodes(id,label,type,cluster,note) VALUES('fuentes','Carlos Fuentes','rec','dream','The ending folds back on itself.');
INSERT OR IGNORE INTO nodes(id,label,type,cluster,note) VALUES('bioy','Adolfo Bioy Casares','rec','dream','Unreliable reality; fate as trap.');
INSERT OR IGNORE INTO nodes(id,label,type,cluster,note) VALUES('obrien','Flann O''Brien','rec','dream','Internally consistent and completely unhinged.');
INSERT OR IGNORE INTO nodes(id,label,type,cluster,note) VALUES('kosinski','Jerzy Kosiński','rec','dream','Scenes significant in ways never confirmed.');
INSERT OR IGNORE INTO nodes(id,label,type,cluster,note) VALUES('vian','Boris Vian','rec','dream','Whimsical and associative, turning genuinely dark.');
INSERT OR IGNORE INTO nodes(id,label,type,cluster,note) VALUES('perec','Georges Perec','rec','dream','Playful structure turning into real horror.');
INSERT OR IGNORE INTO nodes(id,label,type,cluster,note) VALUES('link','Kelly Link','rec','dream','Off-kilter and funny; then something wrong arrives.');
INSERT OR IGNORE INTO nodes(id,label,type,cluster,note) VALUES('lockwood','Patricia Lockwood','rec','dream','Associative and funny; hard pivot, same voice.');
INSERT OR IGNORE INTO nodes(id,label,type,cluster,note) VALUES('kbarry','Kevin Barry','rec','dream','Digressive Irish naturalism; darkness without a seam.');
INSERT OR IGNORE INTO nodes(id,label,type,cluster,note) VALUES('sarraute','Nathalie Sarraute','rec','dream','Dialogue-driven, unresolved tension.');
INSERT OR IGNORE INTO nodes(id,label,type,cluster,note) VALUES('robbegrillet','Alain Robbe-Grillet','rec','dream','Obsessive repetition; dreamlike dread.');
INSERT OR IGNORE INTO nodes(id,label,type,cluster,note) VALUES('ernaux','Annie Ernaux','rec','dream','Spare, autobiographical, unflinching.');
INSERT OR IGNORE INTO nodes(id,label,type,cluster,note) VALUES('vann','David Vann','rec','spare','Elemental landscapes; violence inevitable.');
INSERT OR IGNORE INTO nodes(id,label,type,cluster,note) VALUES('vesaas','Tarjei Vesaas','rec','spare','Awe and dread in landscape; Hamsun''s heir.');
INSERT OR IGNORE INTO nodes(id,label,type,cluster,note) VALUES('bjorneboe','Jens Bjørneboe','rec','spare','Bleaker, more violent Norwegian line.');
INSERT OR IGNORE INTO nodes(id,label,type,cluster,note) VALUES('larrybrown','Larry Brown','rec','spare','Menace in the ordinary; bare Southern prose.');
INSERT OR IGNORE INTO nodes(id,label,type,cluster,note) VALUES('crews','Harry Crews','rec','spare','Grotesque, compressed, nothing wasted.');
INSERT OR IGNORE INTO nodes(id,label,type,cluster,note) VALUES('quiroga','Horacio Quiroga','rec','spare','Jungle as inescapable antagonist.');
INSERT OR IGNORE INTO nodes(id,label,type,cluster,note) VALUES('woodrell','Daniel Woodrell','rec','spare','Ozark Gothic; environmental dread.');
INSERT OR IGNORE INTO nodes(id,label,type,cluster,note) VALUES('pollock','Donald Ray Pollock','rec','spare','Rural Gothic, no irony anywhere.');
INSERT OR IGNORE INTO nodes(id,label,type,cluster,note) VALUES('rash','Ron Rash','rec','spare','Appalachian fatalism; landscape near-supernatural.');
INSERT OR IGNORE INTO nodes(id,label,type,cluster,note) VALUES('matthiessen','Peter Matthiessen','rec','spare','Landscape and violence, elemental.');
INSERT OR IGNORE INTO nodes(id,label,type,cluster,note) VALUES('schweblin','Samanta Schweblin','rec','latam','Fractured dread without resolution.');
INSERT OR IGNORE INTO nodes(id,label,type,cluster,note) VALUES('ojeda','Mónica Ojeda','rec','latam','Dark, experimental psychological horror.');
INSERT OR IGNORE INTO nodes(id,label,type,cluster,note) VALUES('bazterrica','Agustina Bazterrica','rec','latam','Visceral near-future bleakness.');
INSERT OR IGNORE INTO nodes(id,label,type,cluster,note) VALUES('morenogarcia','Silvia Moreno-Garcia','rec','latam','Gothic with cultural grounding.');
INSERT OR IGNORE INTO nodes(id,label,type,cluster,note) VALUES('quintana','Pilar Quintana','rec','latam','Bleak; landscape as dread.');
INSERT OR IGNORE INTO nodes(id,label,type,cluster,note) VALUES('lispector','Clarice Lispector','rec','latam','Embodiment as philosophical horror.');
INSERT OR IGNORE INTO nodes(id,label,type,cluster,note) VALUES('villalobos','Juan Pablo Villalobos','rec','latam','Horror in the gap of a child narrator.');
INSERT OR IGNORE INTO nodes(id,label,type,cluster,note) VALUES('otsuichi','Otsuichi','rec','asian','Cold, affectless, deeply unsettling.');
INSERT OR IGNORE INTO nodes(id,label,type,cluster,note) VALUES('kirino','Natsuo Kirino','rec','asian','Social horror; violence treated seriously.');
INSERT OR IGNORE INTO nodes(id,label,type,cluster,note) VALUES('yokomizo','Seishi Yokomizo','rec','asian','Village settings, something wrong underneath.');
INSERT OR IGNORE INTO nodes(id,label,type,cluster,note) VALUES('borachung','Bora Chung','rec','asian','Folk and body horror taken straight.');
INSERT OR IGNORE INTO nodes(id,label,type,cluster,note) VALUES('jungyujin','Jung Yu-jin','rec','asian','Cold narrator; horror in the Highsmith sense.');
INSERT OR IGNORE INTO nodes(id,label,type,cluster,note) VALUES('ryumurakami','Ryū Murakami','rec','asian','Violent, psychologically corrosive.');
INSERT OR IGNORE INTO nodes(id,label,type,cluster,note) VALUES('nakamura','Fuminori Nakamura','rec','asian','Cold pursuer register.');
INSERT OR IGNORE INTO nodes(id,label,type,cluster,note) VALUES('abe','Kobo Abe','rec','asian','Existential trap as premise.');
INSERT OR IGNORE INTO nodes(id,label,type,cluster,note) VALUES('ranpo','Edogawa Ranpo','rec','asian','Predatory antagonist; confinement.');
INSERT OR IGNORE INTO nodes(id,label,type,cluster,note) VALUES('ito','Junji Ito','rec','asian','Manga; inescapable antagonist precisely.');
INSERT OR IGNORE INTO nodes(id,label,type,cluster,note) VALUES('tutuola','Amos Tutuola','rec','african','Folkloric survival against supernatural threat.');
INSERT OR IGNORE INTO nodes(id,label,type,cluster,note) VALUES('okri','Ben Okri','rec','african','Spirit world bleeding into the material.');
INSERT OR IGNORE INTO nodes(id,label,type,cluster,note) VALUES('beukes','Lauren Beukes','rec','african','Inescapable serial antagonist.');
INSERT OR IGNORE INTO nodes(id,label,type,cluster,note) VALUES('lotz','Sarah Lotz','rec','african','Dread accumulating through structure.');
INSERT OR IGNORE INTO nodes(id,label,type,cluster,note) VALUES('onoh','Nuzo Onoh','rec','african','African folkloric horror, concrete threat.');
INSERT OR IGNORE INTO nodes(id,label,type,cluster,note) VALUES('meyer','Deon Meyer','rec','african','Noir with survival stakes.');
INSERT OR IGNORE INTO nodes(id,label,type,cluster,note) VALUES('lagerkvist','Pär Lagerkvist','rec','fantasy','Medieval body-as-theological-horror.');
INSERT OR IGNORE INTO nodes(id,label,type,cluster,note) VALUES('golding','William Golding','rec','fantasy','Consciousness and body failing; no comfort.');
INSERT OR IGNORE INTO nodes(id,label,type,cluster,note) VALUES('oconnor','Flannery O''Connor','rec','fantasy','Spiritual and physical grotesque at once.');
INSERT OR IGNORE INTO nodes(id,label,type,cluster,note) VALUES('comyns','Barbara Comyns','rec','fantasy','Flat affect over disturbing content.');
INSERT OR IGNORE INTO nodes(id,label,type,cluster,note) VALUES('eco','Umberto Eco','rec','fantasy','Medieval conspiracy and menace.');
INSERT OR IGNORE INTO nodes(id,label,type,cluster,note) VALUES('mantel','Hilary Mantel','rec','fantasy','Folk horror in a village; genuinely strange.');
INSERT OR IGNORE INTO nodes(id,label,type,cluster,note) VALUES('peake','Mervyn Peake','rec','fantasy','The castle as inescapable system.');
INSERT OR IGNORE INTO nodes(id,label,type,cluster,note) VALUES('garner','Alan Garner','rec','fantasy','Myth as trap embedded in landscape.');
INSERT OR IGNORE INTO nodes(id,label,type,cluster,note) VALUES('mirrlees','Hope Mirrlees','rec','fantasy','Faerie as dread, never resolved.');
INSERT OR IGNORE INTO nodes(id,label,type,cluster,note) VALUES('lindsay','David Lindsay','rec','fantasy','Cosmic horror as fantasy; bleak vision.');
INSERT OR IGNORE INTO nodes(id,label,type,cluster,note) VALUES('wolfe','Gene Wolfe','rec','fantasy','Horror embedded in what''s withheld.');
INSERT OR IGNORE INTO nodes(id,label,type,cluster,note) VALUES('mjharrison','M. John Harrison','rec','fantasy','Entropy as atmosphere; flat affect.');
INSERT OR IGNORE INTO nodes(id,label,type,cluster,note) VALUES('erikson','Steven Erikson','rec','fantasy','Cosmic scale, genuinely bleak.');
INSERT OR IGNORE INTO nodes(id,label,type,cluster,note) VALUES('vandermeer','Jeff VanderMeer','rec','fantasy','Cosmic dread, inescapable, unresolved.');
INSERT OR IGNORE INTO nodes(id,label,type,cluster,note) VALUES('bakker','R. Scott Bakker','rec','fantasy','Epic fantasy in a horror register; Ligotti-adjacent.');
INSERT OR IGNORE INTO nodes(id,label,type,cluster,note) VALUES('sapkowski','Andrzej Sapkowski','rec','fantasy','Folklore as genuine threat.');
INSERT OR IGNORE INTO nodes(id,label,type,cluster,note) VALUES('despentes','Virginie Despentes','rec','fantasy','Bodies without sentimentality; social horror.');
INSERT OR IGNORE INTO nodes(id,label,type,cluster,note) VALUES('bierce','Ambrose Bierce','rec','weird','Sardonic American uncanny; war horror.');
INSERT OR IGNORE INTO nodes(id,label,type,cluster,note) VALUES('stoker','Bram Stoker','rec','weird','The vampire template; epistolary dread.');
INSERT OR IGNORE INTO nodes(id,label,type,cluster,note) VALUES('poe','Edgar Allan Poe','rec','weird','The root of American horror interiority.');
INSERT OR IGNORE INTO nodes(id,label,type,cluster,note) VALUES('hawthorne','Nathaniel Hawthorne','rec','weird','Puritan guilt as ambient dread.');
INSERT OR IGNORE INTO nodes(id,label,type,cluster,note) VALUES('akinari','Ueda Akinari','rec','asian','Edo-period ghost tales; elegant and cold.');
INSERT OR IGNORE INTO nodes(id,label,type,cluster,note) VALUES('hearn','Lafcadio Hearn','rec','asian','Japanese ghost folklore, collected and retold.');
INSERT OR IGNORE INTO nodes(id,label,type,cluster,note) VALUES('maupassant','Guy de Maupassant','rec','weird','Psychological dissolution; The Horla is the peak.');
INSERT OR IGNORE INTO nodes(id,label,type,cluster,note) VALUES('aktolstoy','Aleksey Konstantinovich Tolstoy','rec','weird','Russian vampire tales taken straight.');
INSERT OR IGNORE INTO nodes(id,label,type,cluster,note) VALUES('gotthelf','Jeremias Gotthelf','rec','weird','The Black Spider: village sin as contagion.');
INSERT OR IGNORE INTO nodes(id,label,type,cluster,note) VALUES('buehlman','Christopher Buehlman','rec','fantasy','Medieval horror with real stakes.');
INSERT OR IGNORE INTO nodes(id,label,type,cluster,note) VALUES('koike','Mariko Koike','rec','asian','Japanese psychological gothic.');
INSERT OR IGNORE INTO nodes(id,label,type,cluster,note) VALUES('barker','Clive Barker','influence','core','Books of Blood: visceral imagination, no camp.');
INSERT OR IGNORE INTO nodes(id,label,type,cluster,note) VALUES('iglesias','Gabino Iglesias','influence','noir','The Devil Takes You Home yes; others less so.');
INSERT OR IGNORE INTO nodes(id,label,type,cluster,note) VALUES('saramago','José Saramago','influence','consp','Plot assembling outside the narration.');
INSERT OR IGNORE INTO nodes(id,label,type,cluster,note) VALUES('ogawa','Yōko Ogawa','influence','consp','Quiet systemic dread; The Memory Police.');
INSERT OR IGNORE INTO nodes(id,label,type,cluster,note) VALUES('bulgakov','Mikhail Bulgakov','rec','dream','Woland as concrete inescapable antagonist.');
INSERT OR IGNORE INTO nodes(id,label,type,cluster,note) VALUES('andreyev','Leonid Andreyev','rec','weird','Russian expressionist psychological horror.');
INSERT OR IGNORE INTO nodes(id,label,type,cluster,note) VALUES('villiers','Villiers de l''Isle-Adam','rec','weird','French symbolist cruelty.');
INSERT OR IGNORE INTO nodes(id,label,type,cluster,note) VALUES('lorrain','Jean Lorrain','rec','weird','Decadent psychological horror.');
INSERT OR IGNORE INTO nodes(id,label,type,cluster,note) VALUES('masterton','Graham Masterton','rec','slash','Inescapable supernatural threat, no reasoning.');
INSERT OR IGNORE INTO nodes(id,label,type,cluster,note) VALUES('slade','Michael Slade','rec','slash','Extremely visceral procedural horror.');
INSERT OR IGNORE INTO nodes(id,label,type,cluster,note) VALUES('coyne','John Coyne','rec','slash','Paperback-era supernatural survival.');
INSERT OR IGNORE INTO nodes(id,label,type,cluster,note) VALUES('jensen','Ruby Jean Jensen','rec','slash','Pure dread, concrete antagonist.');
INSERT OR IGNORE INTO nodes(id,label,type,cluster,note) VALUES('johnstone','William W. Johnstone','rec','slash','Pulpy but the threat is relentless.');
INSERT OR IGNORE INTO nodes(id,label,type,cluster,note) VALUES('simenon','Georges Simenon','rec','noir','The romans durs: confined, inescapable.');
INSERT OR IGNORE INTO nodes(id,label,type,cluster,note) VALUES('vargas','Fred Vargas','rec','noir','The supernatural hovers at the edges.');
INSERT OR IGNORE INTO nodes(id,label,type,cluster,note) VALUES('sjowall','Maj Sjöwall & Per Wahlöö','rec','noir','Bleaker than the Scandinavian mainstream.');
INSERT OR IGNORE INTO nodes(id,label,type,cluster,note) VALUES('fossum','Karin Fossum','rec','noir','Psychological, bleak, inescapable menace.');
INSERT OR IGNORE INTO nodes(id,label,type,cluster,note) VALUES('shimada','Soji Shimada','rec','asian','Locked-room horror logic.');
INSERT OR IGNORE INTO nodes(id,label,type,cluster,note) VALUES('japrisot','Sébastien Japrisot','rec','noir','Fractured identity and dread.');
INSERT OR IGNORE INTO nodes(id,label,type,cluster,note) VALUES('suzuki','Koji Suzuki','rec','asian','Philosophical dread under the famous premise.');
INSERT OR IGNORE INTO nodes(id,label,type,cluster,note) VALUES('leguin','Ursula K. Le Guin','rec','fantasy','Colonial dread and psychological confinement.');
INSERT OR IGNORE INTO nodes(id,label,type,cluster,note) VALUES('blicher','Steen Steensen Blicher','rec','spare','Danish fatalism; bleak parish tales.');
INSERT OR IGNORE INTO nodes(id,label,type,cluster,note) VALUES('hankang','Han Kang','rec','asian','Bodily autonomy as social horror.');
INSERT OR IGNORE INTO nodes(id,label,type,cluster,note) VALUES('chaze','Elliott Chaze','rec','noir','Dreamlike doomed-couple noir.');
INSERT OR IGNORE INTO nodes(id,label,type,cluster,note) VALUES('wehunt','Michael Wehunt','rec','core','Southern gothic weird; grief-driven.');
INSERT OR IGNORE INTO nodes(id,label,type,cluster,note) VALUES('mrshelley','Mary Shelley','rec','weird','The creature as inescapable consequence.');
INSERT OR IGNORE INTO nodes(id,label,type,cluster,note) VALUES('lefanu','Sheridan Le Fanu','rec','weird','The Victorian master of oblique haunting.');
INSERT OR IGNORE INTO nodes(id,label,type,cluster,note) VALUES('hjames','Henry James','rec','weird','Ambiguity as the engine of dread.');
INSERT OR IGNORE INTO nodes(id,label,type,cluster,note) VALUES('wharton','Edith Wharton','rec','weird','Cold social ghost stories.');
INSERT OR IGNORE INTO nodes(id,label,type,cluster,note) VALUES('chambers','Robert W. Chambers','rec','weird','The King in Yellow: contagious text.');
INSERT OR IGNORE INTO nodes(id,label,type,cluster,note) VALUES('dunsany','Lord Dunsany','rec','fantasy','Dream-geography; the root of weird fantasy.');
INSERT OR IGNORE INTO nodes(id,label,type,cluster,note) VALUES('lovecraft','H.P. Lovecraft','rec','weird','Cosmic indifference codified.');
INSERT OR IGNORE INTO nodes(id,label,type,cluster,note) VALUES('cas','Clark Ashton Smith','rec','weird','Decadent cosmic prose-poetry.');
INSERT OR IGNORE INTO nodes(id,label,type,cluster,note) VALUES('rehoward','Robert E. Howard','rec','weird','Violent weird adventure; Pigeons From Hell.');
INSERT OR IGNORE INTO nodes(id,label,type,cluster,note) VALUES('gilman','Charlotte Perkins Gilman','rec','weird','Confinement as horror.');
INSERT OR IGNORE INTO nodes(id,label,type,cluster,note) VALUES('onions','Oliver Onions','rec','weird','The Beckoning Fair One: slow possession.');
INSERT OR IGNORE INTO nodes(id,label,type,cluster,note) VALUES('delamare','Walter de la Mare','rec','weird','Oblique, unresolved English uncanny.');
INSERT OR IGNORE INTO nodes(id,label,type,cluster,note) VALUES('benson','E.F. Benson','rec','weird','Physical, confident English ghost stories.');
INSERT OR IGNORE INTO nodes(id,label,type,cluster,note) VALUES('wakefield','H.R. Wakefield','rec','weird','Late ghost-story tradition, mean streak.');
INSERT OR IGNORE INTO nodes(id,label,type,cluster,note) VALUES('oliphant','Margaret Oliphant','rec','weird','Victorian supernatural with real grief.');
INSERT OR IGNORE INTO nodes(id,label,type,cluster,note) VALUES('riddell','Charlotte Riddell','rec','weird','Haunted-house economics.');
INSERT OR IGNORE INTO nodes(id,label,type,cluster,note) VALUES('saki','Saki','rec','weird','Cruel miniatures; Sredni Vashtar.');
INSERT OR IGNORE INTO nodes(id,label,type,cluster,note) VALUES('wfharvey','W.F. Harvey','rec','weird','August Heat and The Beast with Five Fingers.');
INSERT OR IGNORE INTO nodes(id,label,type,cluster,note) VALUES('gautier','Théophile Gautier','rec','weird','French romantic supernatural.');
INSERT OR IGNORE INTO nodes(id,label,type,cluster,note) VALUES('strobl','Karl Hans Strobl','rec','weird','Austrian weird contemporary of Ewers.');
INSERT OR IGNORE INTO nodes(id,label,type,cluster,note) VALUES('gogol','Nikolai Gogol','rec','weird','Viy and the Petersburg grotesques.');
INSERT OR IGNORE INTO nodes(id,label,type,cluster,note) VALUES('potocki','Jan Potocki','rec','weird','Nested tales inside nested tales.');
INSERT OR IGNORE INTO nodes(id,label,type,cluster,note) VALUES('pusongling','Pu Songling','rec','asian','Strange tales; fox spirits and scholars.');
INSERT OR IGNORE INTO nodes(id,label,type,cluster,note) VALUES('kyoka','Izumi Kyōka','rec','asian','Japanese gothic surrealism.');
INSERT OR IGNORE INTO nodes(id,label,type,cluster,note) VALUES('sologub','Fyodor Sologub','rec','weird','The Petty Demon: paranoia as weather.');
INSERT OR IGNORE INTO nodes(id,label,type,cluster,note) VALUES('panizza','Oskar Panizza','rec','weird','Blasphemous German grotesque.');
INSERT OR IGNORE INTO nodes(id,label,type,cluster,note) VALUES('schwob','Marcel Schwob','rec','weird','Imaginary lives, cruel and jeweled.');
INSERT OR IGNORE INTO nodes(id,label,type,cluster,note) VALUES('dinesen','Isak Dinesen','rec','weird','Gothic tales with fate machinery.');
INSERT OR IGNORE INTO nodes(id,label,type,cluster,note) VALUES('matheson','Richard Matheson','rec','slash','Survival premises stripped to essentials.');
INSERT OR IGNORE INTO nodes(id,label,type,cluster,note) VALUES('beaumont','Charles Beaumont','rec','core','Twilight Zone-era unease, sharper in print.');
INSERT OR IGNORE INTO nodes(id,label,type,cluster,note) VALUES('bradbury','Ray Bradbury','rec','core','October lyricism; the dark carnival.');
INSERT OR IGNORE INTO nodes(id,label,type,cluster,note) VALUES('jfinney','Jack Finney','rec','slash','Paranoid replacement dread.');
INSERT OR IGNORE INTO nodes(id,label,type,cluster,note) VALUES('levin','Ira Levin','rec','core','Paranoid horror engineered like clockwork.');
INSERT OR IGNORE INTO nodes(id,label,type,cluster,note) VALUES('blatty','William Peter Blatty','rec','core','Possession taken with total seriousness.');
INSERT OR IGNORE INTO nodes(id,label,type,cluster,note) VALUES('siddons','Anne Rivers Siddons','rec','core','The House Next Door: suburban wrongness.');
INSERT OR IGNORE INTO nodes(id,label,type,cluster,note) VALUES('marasco','Robert Marasco','rec','core','Burnt Offerings: the house feeds.');
INSERT OR IGNORE INTO nodes(id,label,type,cluster,note) VALUES('etchison','Dennis Etchison','rec','core','Quiet California dread.');
INSERT OR IGNORE INTO nodes(id,label,type,cluster,note) VALUES('tem','Steve Rasnic Tem','rec','core','Grief-soaked quiet horror.');
INSERT OR IGNORE INTO nodes(id,label,type,cluster,note) VALUES('brite','Poppy Z. Brite','rec','slash','Gothic visceral excess, seriously meant.');
INSERT OR IGNORE INTO nodes(id,label,type,cluster,note) VALUES('mccammon','Robert McCammon','rec','slash','Paperback-era scope and momentum.');
INSERT OR IGNORE INTO nodes(id,label,type,cluster,note) VALUES('ellison','Harlan Ellison','rec','core','Vicious speculative horror.');
INSERT OR IGNORE INTO nodes(id,label,type,cluster,note) VALUES('oates','Joyce Carol Oates','rec','core','American gothic psychology; Zombie.');
INSERT OR IGNORE INTO nodes(id,label,type,cluster,note) VALUES('morrison','Toni Morrison','rec','core','Beloved: haunting as history.');
INSERT OR IGNORE INTO nodes(id,label,type,cluster,note) VALUES('topor','Roland Topor','rec','dream','The Tenant: identity dissolving in an apartment.');
INSERT OR IGNORE INTO nodes(id,label,type,cluster,note) VALUES('cain','James M. Cain','rec','noir','Doomed desire, compressed.');
INSERT OR IGNORE INTO nodes(id,label,type,cluster,note) VALUES('willeford','Charles Willeford','rec','noir','Affectless sociopath studies.');
INSERT OR IGNORE INTO nodes(id,label,type,cluster,note) VALUES('himes','Chester Himes','rec','noir','Harlem noir, violent and absurd.');
INSERT OR IGNORE INTO nodes(id,label,type,cluster,note) VALUES('millar','Margaret Millar','rec','noir','Psychological suspense with trapdoor endings.');
INSERT OR IGNORE INTO nodes(id,label,type,cluster,note) VALUES('rendell','Ruth Rendell','rec','noir','Obsession and inevitability.');
INSERT OR IGNORE INTO nodes(id,label,type,cluster,note) VALUES('izzo','Jean-Claude Izzo','rec','noir','Marseille noir, elegiac and doomed.');
INSERT OR IGNORE INTO nodes(id,label,type,cluster,note) VALUES('dard','Frédéric Dard','rec','noir','Cruel little French thrillers.');
INSERT OR IGNORE INTO nodes(id,label,type,cluster,note) VALUES('suskind','Patrick Süskind','rec','weird','Perfume: monstrous sensory obsession.');
INSERT OR IGNORE INTO nodes(id,label,type,cluster,note) VALUES('machado','Carmen Maria Machado','rec','dream','Formally restless body horror.');
INSERT OR IGNORE INTO nodes(id,label,type,cluster,note) VALUES('nevill','Adam Nevill','rec','core','British folk and apartment horror, committed.');
INSERT OR IGNORE INTO nodes(id,label,type,cluster,note) VALUES('langan','John Langan','rec','core','The Fisherman: grief opening onto the cosmic.');
INSERT OR IGNORE INTO nodes(id,label,type,cluster,note) VALUES('files','Gemma Files','rec','core','Experimental Canadian weird.');
INSERT OR IGNORE INTO nodes(id,label,type,cluster,note) VALUES('llewellyn','Livia Llewellyn','rec','core','Dense, transgressive weird erotica-horror.');
INSERT OR IGNORE INTO nodes(id,label,type,cluster,note) VALUES('cisco','Michael Cisco','rec','weird','The Divinity Student: pure oneiric weird.');
INSERT OR IGNORE INTO nodes(id,label,type,cluster,note) VALUES('samuels','Mark Samuels','rec','weird','Ligottian office-block horror.');
INSERT OR IGNORE INTO nodes(id,label,type,cluster,note) VALUES('padgett','Jon Padgett','rec','weird','The Secret of Ventriloquism.');
INSERT OR IGNORE INTO nodes(id,label,type,cluster,note) VALUES('malerman','Josh Malerman','rec','core','High-concept dread engines.');
INSERT OR IGNORE INTO nodes(id,label,type,cluster,note) VALUES('lavalle','Victor LaValle','rec','core','Lovecraft answered and repurposed.');
INSERT OR IGNORE INTO nodes(id,label,type,cluster,note) VALUES('due','Tananarive Due','rec','core','American horror with historical weight.');
INSERT OR IGNORE INTO nodes(id,label,type,cluster,note) VALUES('ward','Catriona Ward','rec','core','Structural misdirection with real dread.');
INSERT OR IGNORE INTO nodes(id,label,type,cluster,note) VALUES('kiste','Gwendolyn Kiste','rec','core','Lyrical feminist gothic.');
INSERT OR IGNORE INTO nodes(id,label,type,cluster,note) VALUES('katsu','Alma Katsu','rec','core','Historical horror; The Hunger.');
INSERT OR IGNORE INTO nodes(id,label,type,cluster,note) VALUES('lindqvist','John Ajvide Lindqvist','rec','core','Swedish horror, social realism first.');
INSERT OR IGNORE INTO nodes(id,label,type,cluster,note) VALUES('tidbeck','Karin Tidbeck','rec','dream','Swedish weird; bureaucracies of elsewhere.');
INSERT OR IGNORE INTO nodes(id,label,type,cluster,note) VALUES('tokarczuk','Olga Tokarczuk','rec','consp','Drive Your Plow: fate, astrology, bodies.');
INSERT OR IGNORE INTO nodes(id,label,type,cluster,note) VALUES('couto','Mia Couto','rec','african','Mozambican dream-realism with war under it.');
INSERT OR IGNORE INTO nodes(id,label,type,cluster,note) VALUES('emezi','Akwaeke Emezi','rec','african','Ogbanje selfhood as genuine metaphysics.');
INSERT OR IGNORE INTO nodes(id,label,type,cluster,note) VALUES('mieville','China Miéville','rec','fantasy','The weird city; dread in the architecture.');
INSERT OR IGNORE INTO nodes(id,label,type,cluster,note) VALUES('crowley','John Crowley','rec','fantasy','Little, Big: the uncanny domesticated.');
INSERT OR IGNORE INTO nodes(id,label,type,cluster,note) VALUES('holdstock','Robert Holdstock','rec','fantasy','Mythago Wood: myth as predator.');
INSERT OR IGNORE INTO nodes(id,label,type,cluster,note) VALUES('akutagawa','Ryūnosuke Akutagawa','rec','asian','Rashomon-era psychological cruelty.');
INSERT OR IGNORE INTO nodes(id,label,type,cluster,note) VALUES('tanizaki','Jun''ichirō Tanizaki','rec','asian','Obsession aestheticized.');
INSERT OR IGNORE INTO nodes(id,label,type,cluster,note) VALUES('ono','Fuyumi Ono','rec','asian','Ghost Hunt-era Japanese horror.');
INSERT OR IGNORE INTO nodes(id,label,type,cluster,note) VALUES('cortazar','Julio Cortázar','rec','dream','House Taken Over; the uncanny domestic.');
INSERT OR IGNORE INTO nodes(id,label,type,cluster,note) VALUES('borges','Jorge Luis Borges','rec','dream','Infinite libraries; dread of the infinite.');
INSERT OR IGNORE INTO nodes(id,label,type,cluster,note) VALUES('felisberto','Felisberto Hernández','rec','dream','Uruguayan proto-weird; haunted pianos.');
INSERT OR IGNORE INTO nodes(id,label,type,cluster,note) VALUES('sabato','Ernesto Sabato','rec','dream','The Tunnel: obsession as confession.');
INSERT OR IGNORE INTO nodes(id,label,type,cluster,note) VALUES('pynchon','Thomas Pynchon','rec','consp','Paranoia as cosmology.');
INSERT OR IGNORE INTO nodes(id,label,type,cluster,note) VALUES('dick','Philip K. Dick','rec','consp','Reality failing its own checks.');
INSERT OR IGNORE INTO links(a,b) VALUES('grabinski','jeanray');
INSERT OR IGNORE INTO links(a,b) VALUES('grabinski','meyrink');
INSERT OR IGNORE INTO links(a,b) VALUES('grabinski','kubin');
INSERT OR IGNORE INTO links(a,b) VALUES('grabinski','perutz');
INSERT OR IGNORE INTO links(a,b) VALUES('ewers','jeanray');
INSERT OR IGNORE INTO links(a,b) VALUES('ewers','kubin');
INSERT OR IGNORE INTO links(a,b) VALUES('machen','klein');
INSERT OR IGNORE INTO links(a,b) VALUES('machen','barron');
INSERT OR IGNORE INTO links(a,b) VALUES('machen','hodgson');
INSERT OR IGNORE INTO links(a,b) VALUES('machen','mrjames');
INSERT OR IGNORE INTO links(a,b) VALUES('machen','garner');
INSERT OR IGNORE INTO links(a,b) VALUES('ligotti','barron');
INSERT OR IGNORE INTO links(a,b) VALUES('ligotti','schulz');
INSERT OR IGNORE INTO links(a,b) VALUES('ligotti','hedayat');
INSERT OR IGNORE INTO links(a,b) VALUES('ligotti','bakker');
INSERT OR IGNORE INTO links(a,b) VALUES('aickman','lamsley');
INSERT OR IGNORE INTO links(a,b) VALUES('aickman','mrjames');
INSERT OR IGNORE INTO links(a,b) VALUES('aickman','straub');
INSERT OR IGNORE INTO links(a,b) VALUES('hoffmann','meyrink');
INSERT OR IGNORE INTO links(a,b) VALUES('hoffmann','kubin');
INSERT OR IGNORE INTO links(a,b) VALUES('kavan','labatut');
INSERT OR IGNORE INTO links(a,b) VALUES('davila','enriquez');
INSERT OR IGNORE INTO links(a,b) VALUES('blackwood','klein');
INSERT OR IGNORE INTO links(a,b) VALUES('blackwood','barron');
INSERT OR IGNORE INTO links(a,b) VALUES('blackwood','hodgson');
INSERT OR IGNORE INTO links(a,b) VALUES('blackwood','lindsay');
INSERT OR IGNORE INTO links(a,b) VALUES('blackwood','vandermeer');
INSERT OR IGNORE INTO links(a,b) VALUES('jackson','straub');
INSERT OR IGNORE INTO links(a,b) VALUES('jackson','tryon');
INSERT OR IGNORE INTO links(a,b) VALUES('jackson','link');
INSERT OR IGNORE INTO links(a,b) VALUES('jackson','tremblay');
INSERT OR IGNORE INTO links(a,b) VALUES('jackson','comyns');
INSERT OR IGNORE INTO links(a,b) VALUES('jackson','mantel');
INSERT OR IGNORE INTO links(a,b) VALUES('leiber','barron');
INSERT OR IGNORE INTO links(a,b) VALUES('leiber','rcampbell');
INSERT OR IGNORE INTO links(a,b) VALUES('leiber','klein');
INSERT OR IGNORE INTO links(a,b) VALUES('mcdowell','klein');
INSERT OR IGNORE INTO links(a,b) VALUES('mcdowell','tryon');
INSERT OR IGNORE INTO links(a,b) VALUES('mcdowell','grant');
INSERT OR IGNORE INTO links(a,b) VALUES('mcdowell','farris');
INSERT OR IGNORE INTO links(a,b) VALUES('mcdowell','theorin');
INSERT OR IGNORE INTO links(a,b) VALUES('tuttle','lamsley');
INSERT OR IGNORE INTO links(a,b) VALUES('tuttle','link');
INSERT OR IGNORE INTO links(a,b) VALUES('tuttle','kiernan');
INSERT OR IGNORE INTO links(a,b) VALUES('wagner','barron');
INSERT OR IGNORE INTO links(a,b) VALUES('wagner','ballingrud');
INSERT OR IGNORE INTO links(a,b) VALUES('scerbanenco','draymond');
INSERT OR IGNORE INTO links(a,b) VALUES('scerbanenco','lucarelli');
INSERT OR IGNORE INTO links(a,b) VALUES('scerbanenco','manchette');
INSERT OR IGNORE INTO links(a,b) VALUES('hughes','draymond');
INSERT OR IGNORE INTO links(a,b) VALUES('hughes','highsmith');
INSERT OR IGNORE INTO links(a,b) VALUES('hughes','harris');
INSERT OR IGNORE INTO links(a,b) VALUES('thompson','goodis');
INSERT OR IGNORE INTO links(a,b) VALUES('thompson','mcgrath');
INSERT OR IGNORE INTO links(a,b) VALUES('thompson','highsmith');
INSERT OR IGNORE INTO links(a,b) VALUES('thompson','kirino');
INSERT OR IGNORE INTO links(a,b) VALUES('thompson','nakamura');
INSERT OR IGNORE INTO links(a,b) VALUES('mccarthy','harris');
INSERT OR IGNORE INTO links(a,b) VALUES('mccarthy','vann');
INSERT OR IGNORE INTO links(a,b) VALUES('mccarthy','pollock');
INSERT OR IGNORE INTO links(a,b) VALUES('mccarthy','woodrell');
INSERT OR IGNORE INTO links(a,b) VALUES('draymond','meyer');
INSERT OR IGNORE INTO links(a,b) VALUES('harris','beukes');
INSERT OR IGNORE INTO links(a,b) VALUES('harris','fitzek');
INSERT OR IGNORE INTO links(a,b) VALUES('highsmith','jungyujin');
INSERT OR IGNORE INTO links(a,b) VALUES('lecarre','furst');
INSERT OR IGNORE INTO links(a,b) VALUES('lecarre','urban');
INSERT OR IGNORE INTO links(a,b) VALUES('sciascia','lecarre');
INSERT OR IGNORE INTO links(a,b) VALUES('fitzek','theorin');
INSERT OR IGNORE INTO links(a,b) VALUES('woolrich','gresham');
INSERT OR IGNORE INTO links(a,b) VALUES('malet','manchette');
INSERT OR IGNORE INTO links(a,b) VALUES('evenson','schirach');
INSERT OR IGNORE INTO links(a,b) VALUES('demaria','sciascia');
INSERT OR IGNORE INTO links(a,b) VALUES('demaria','lem');
INSERT OR IGNORE INTO links(a,b) VALUES('demaria','delillo');
INSERT OR IGNORE INTO links(a,b) VALUES('demaria','buzzati');
INSERT OR IGNORE INTO links(a,b) VALUES('demaria','tabucchi');
INSERT OR IGNORE INTO links(a,b) VALUES('sebald','kis');
INSERT OR IGNORE INTO links(a,b) VALUES('sebald','marias');
INSERT OR IGNORE INTO links(a,b) VALUES('sebald','macfarlane');
INSERT OR IGNORE INTO links(a,b) VALUES('sebald','modiano');
INSERT OR IGNORE INTO links(a,b) VALUES('bolano','kis');
INSERT OR IGNORE INTO links(a,b) VALUES('bolano','marias');
INSERT OR IGNORE INTO links(a,b) VALUES('bolano','donoso');
INSERT OR IGNORE INTO links(a,b) VALUES('knausgard','marias');
INSERT OR IGNORE INTO links(a,b) VALUES('knausgard','krasznahorkai');
INSERT OR IGNORE INTO links(a,b) VALUES('bernhard','krasznahorkai');
INSERT OR IGNORE INTO links(a,b) VALUES('bernhard','kristof');
INSERT OR IGNORE INTO links(a,b) VALUES('labatut','houellebecq');
INSERT OR IGNORE INTO links(a,b) VALUES('labatut','carrere');
INSERT OR IGNORE INTO links(a,b) VALUES('cole','macfarlane');
INSERT OR IGNORE INTO links(a,b) VALUES('kafka','auster');
INSERT OR IGNORE INTO links(a,b) VALUES('kafka','kadare');
INSERT OR IGNORE INTO links(a,b) VALUES('kafka','abe');
INSERT OR IGNORE INTO links(a,b) VALUES('kafka','gombrowicz');
INSERT OR IGNORE INTO links(a,b) VALUES('spark','durrenmatt');
INSERT OR IGNORE INTO links(a,b) VALUES('sciascia','eco');
INSERT OR IGNORE INTO links(a,b) VALUES('ketchum','laymon');
INSERT OR IGNORE INTO links(a,b) VALUES('ketchum','rexmiller');
INSERT OR IGNORE INTO links(a,b) VALUES('ketchum','ryumurakami');
INSERT OR IGNORE INTO links(a,b) VALUES('lansdale','morrell');
INSERT OR IGNORE INTO links(a,b) VALUES('sgj','ballingrud');
INSERT OR IGNORE INTO links(a,b) VALUES('partridge','laymon');
INSERT OR IGNORE INTO links(a,b) VALUES('king','koontz');
INSERT OR IGNORE INTO links(a,b) VALUES('king','saul');
INSERT OR IGNORE INTO links(a,b) VALUES('king','herbert');
INSERT OR IGNORE INTO links(a,b) VALUES('king','straub');
INSERT OR IGNORE INTO links(a,b) VALUES('king','morrell');
INSERT OR IGNORE INTO links(a,b) VALUES('christie','bloch');
INSERT OR IGNORE INTO links(a,b) VALUES('christie','connell');
INSERT OR IGNORE INTO links(a,b) VALUES('christie','yokomizo');
INSERT OR IGNORE INTO links(a,b) VALUES('herbert','hutson');
INSERT OR IGNORE INTO links(a,b) VALUES('herbert','guysmith');
INSERT OR IGNORE INTO links(a,b) VALUES('bloch','rexmiller');
INSERT OR IGNORE INTO links(a,b) VALUES('boileau','jonquet');
INSERT OR IGNORE INTO links(a,b) VALUES('leroux','boileau');
INSERT OR IGNORE INTO links(a,b) VALUES('duras','hawkes');
INSERT OR IGNORE INTO links(a,b) VALUES('duras','sarraute');
INSERT OR IGNORE INTO links(a,b) VALUES('duras','robbegrillet');
INSERT OR IGNORE INTO links(a,b) VALUES('duras','ernaux');
INSERT OR IGNORE INTO links(a,b) VALUES('duras','vian');
INSERT OR IGNORE INTO links(a,b) VALUES('rulfo','donoso');
INSERT OR IGNORE INTO links(a,b) VALUES('rulfo','fuentes');
INSERT OR IGNORE INTO links(a,b) VALUES('rulfo','schweblin');
INSERT OR IGNORE INTO links(a,b) VALUES('rulfo','bioy');
INSERT OR IGNORE INTO links(a,b) VALUES('dumaurier','donoso');
INSERT OR IGNORE INTO links(a,b) VALUES('queneau','vian');
INSERT OR IGNORE INTO links(a,b) VALUES('queneau','perec');
INSERT OR IGNORE INTO links(a,b) VALUES('queneau','obrien');
INSERT OR IGNORE INTO links(a,b) VALUES('link','lockwood');
INSERT OR IGNORE INTO links(a,b) VALUES('djohnson','kbarry');
INSERT OR IGNORE INTO links(a,b) VALUES('hamsun','vesaas');
INSERT OR IGNORE INTO links(a,b) VALUES('hamsun','bjorneboe');
INSERT OR IGNORE INTO links(a,b) VALUES('evenson','vann');
INSERT OR IGNORE INTO links(a,b) VALUES('evenson','ballingrud');
INSERT OR IGNORE INTO links(a,b) VALUES('bass','vann');
INSERT OR IGNORE INTO links(a,b) VALUES('bass','larrybrown');
INSERT OR IGNORE INTO links(a,b) VALUES('bass','matthiessen');
INSERT OR IGNORE INTO links(a,b) VALUES('larrybrown','crews');
INSERT OR IGNORE INTO links(a,b) VALUES('woodrell','rash');
INSERT OR IGNORE INTO links(a,b) VALUES('quiroga','rulfo');
INSERT OR IGNORE INTO links(a,b) VALUES('enriquez','schweblin');
INSERT OR IGNORE INTO links(a,b) VALUES('enriquez','ojeda');
INSERT OR IGNORE INTO links(a,b) VALUES('enriquez','bazterrica');
INSERT OR IGNORE INTO links(a,b) VALUES('enriquez','borachung');
INSERT OR IGNORE INTO links(a,b) VALUES('enriquez','morenogarcia');
INSERT OR IGNORE INTO links(a,b) VALUES('enriquez','quintana');
INSERT OR IGNORE INTO links(a,b) VALUES('enriquez','onoh');
INSERT OR IGNORE INTO links(a,b) VALUES('moshfegh','lagerkvist');
INSERT OR IGNORE INTO links(a,b) VALUES('moshfegh','oconnor');
INSERT OR IGNORE INTO links(a,b) VALUES('moshfegh','comyns');
INSERT OR IGNORE INTO links(a,b) VALUES('moshfegh','lispector');
INSERT OR IGNORE INTO links(a,b) VALUES('moshfegh','villalobos');
INSERT OR IGNORE INTO links(a,b) VALUES('moshfegh','despentes');
INSERT OR IGNORE INTO links(a,b) VALUES('moshfegh','golding');
INSERT OR IGNORE INTO links(a,b) VALUES('oconnor','crews');
INSERT OR IGNORE INTO links(a,b) VALUES('peake','mjharrison');
INSERT OR IGNORE INTO links(a,b) VALUES('bakker','erikson');
INSERT OR IGNORE INTO links(a,b) VALUES('garner','sapkowski');
INSERT OR IGNORE INTO links(a,b) VALUES('otsuichi','jungyujin');
INSERT OR IGNORE INTO links(a,b) VALUES('ranpo','yokomizo');
INSERT OR IGNORE INTO links(a,b) VALUES('tutuola','okri');
INSERT OR IGNORE INTO links(a,b) VALUES('tutuola','onoh');
INSERT OR IGNORE INTO links(a,b) VALUES('beukes','lotz');
INSERT OR IGNORE INTO links(a,b) VALUES('carpenter','partridge');
INSERT OR IGNORE INTO links(a,b) VALUES('carpenter','morrell');
INSERT OR IGNORE INTO links(a,b) VALUES('carpenter','koontz');
INSERT OR IGNORE INTO links(a,b) VALUES('carpenter','king');
INSERT OR IGNORE INTO links(a,b) VALUES('argento','woolrich');
INSERT OR IGNORE INTO links(a,b) VALUES('argento','grange');
INSERT OR IGNORE INTO links(a,b) VALUES('argento','ranpo');
INSERT OR IGNORE INTO links(a,b) VALUES('argento','scerbanenco');
INSERT OR IGNORE INTO links(a,b) VALUES('lynch','hawkes');
INSERT OR IGNORE INTO links(a,b) VALUES('lynch','donoso');
INSERT OR IGNORE INTO links(a,b) VALUES('lynch','ballard');
INSERT OR IGNORE INTO links(a,b) VALUES('lynch','kosinski');
INSERT OR IGNORE INTO links(a,b) VALUES('lynch','djohnson');
INSERT OR IGNORE INTO links(a,b) VALUES('rugna','enriquez');
INSERT OR IGNORE INTO links(a,b) VALUES('rugna','schweblin');
INSERT OR IGNORE INTO links(a,b) VALUES('valancourt','mcdowell');
INSERT OR IGNORE INTO links(a,b) VALUES('valancourt','jeanray');
INSERT OR IGNORE INTO links(a,b) VALUES('valancourt','tryon');
INSERT OR IGNORE INTO links(a,b) VALUES('valancourt','mirrlees');
INSERT OR IGNORE INTO links(a,b) VALUES('wordhorde','barron');
INSERT OR IGNORE INTO links(a,b) VALUES('bierce','poe');
INSERT OR IGNORE INTO links(a,b) VALUES('stoker','lefanu');
INSERT OR IGNORE INTO links(a,b) VALUES('poe','hoffmann');
INSERT OR IGNORE INTO links(a,b) VALUES('hawthorne','poe');
INSERT OR IGNORE INTO links(a,b) VALUES('akinari','pusongling');
INSERT OR IGNORE INTO links(a,b) VALUES('hearn','akinari');
INSERT OR IGNORE INTO links(a,b) VALUES('maupassant','poe');
INSERT OR IGNORE INTO links(a,b) VALUES('aktolstoy','gogol');
INSERT OR IGNORE INTO links(a,b) VALUES('gotthelf','hoffmann');
INSERT OR IGNORE INTO links(a,b) VALUES('buehlman','lagerkvist');
INSERT OR IGNORE INTO links(a,b) VALUES('koike','kirino');
INSERT OR IGNORE INTO links(a,b) VALUES('barker','ballingrud');
INSERT OR IGNORE INTO links(a,b) VALUES('iglesias','enriquez');
INSERT OR IGNORE INTO links(a,b) VALUES('saramago','kadare');
INSERT OR IGNORE INTO links(a,b) VALUES('ogawa','abe');
INSERT OR IGNORE INTO links(a,b) VALUES('bulgakov','gogol');
INSERT OR IGNORE INTO links(a,b) VALUES('andreyev','grabinski');
INSERT OR IGNORE INTO links(a,b) VALUES('villiers','lorrain');
INSERT OR IGNORE INTO links(a,b) VALUES('lorrain','ewers');
INSERT OR IGNORE INTO links(a,b) VALUES('masterton','herbert');
INSERT OR IGNORE INTO links(a,b) VALUES('slade','rexmiller');
INSERT OR IGNORE INTO links(a,b) VALUES('coyne','saul');
INSERT OR IGNORE INTO links(a,b) VALUES('jensen','saul');
INSERT OR IGNORE INTO links(a,b) VALUES('johnstone','guysmith');
INSERT OR IGNORE INTO links(a,b) VALUES('simenon','boileau');
INSERT OR IGNORE INTO links(a,b) VALUES('vargas','grange');
INSERT OR IGNORE INTO links(a,b) VALUES('sjowall','fossum');
INSERT OR IGNORE INTO links(a,b) VALUES('fossum','theorin');
INSERT OR IGNORE INTO links(a,b) VALUES('shimada','yokomizo');
INSERT OR IGNORE INTO links(a,b) VALUES('japrisot','boileau');
INSERT OR IGNORE INTO links(a,b) VALUES('suzuki','ito');
INSERT OR IGNORE INTO links(a,b) VALUES('leguin','wolfe');
INSERT OR IGNORE INTO links(a,b) VALUES('blicher','hamsun');
INSERT OR IGNORE INTO links(a,b) VALUES('hankang','borachung');
INSERT OR IGNORE INTO links(a,b) VALUES('chaze','goodis');
INSERT OR IGNORE INTO links(a,b) VALUES('wehunt','ballingrud');
INSERT OR IGNORE INTO links(a,b) VALUES('mrshelley','stoker');
INSERT OR IGNORE INTO links(a,b) VALUES('lefanu','mrjames');
INSERT OR IGNORE INTO links(a,b) VALUES('hjames','jackson');
INSERT OR IGNORE INTO links(a,b) VALUES('wharton','hjames');
INSERT OR IGNORE INTO links(a,b) VALUES('chambers','lovecraft');
INSERT OR IGNORE INTO links(a,b) VALUES('dunsany','lovecraft');
INSERT OR IGNORE INTO links(a,b) VALUES('lovecraft','machen');
INSERT OR IGNORE INTO links(a,b) VALUES('lovecraft','blackwood');
INSERT OR IGNORE INTO links(a,b) VALUES('cas','lovecraft');
INSERT OR IGNORE INTO links(a,b) VALUES('rehoward','lovecraft');
INSERT OR IGNORE INTO links(a,b) VALUES('gilman','jackson');
INSERT OR IGNORE INTO links(a,b) VALUES('onions','mrjames');
INSERT OR IGNORE INTO links(a,b) VALUES('delamare','aickman');
INSERT OR IGNORE INTO links(a,b) VALUES('benson','mrjames');
INSERT OR IGNORE INTO links(a,b) VALUES('wakefield','mrjames');
INSERT OR IGNORE INTO links(a,b) VALUES('oliphant','lefanu');
INSERT OR IGNORE INTO links(a,b) VALUES('riddell','lefanu');
INSERT OR IGNORE INTO links(a,b) VALUES('saki','bierce');
INSERT OR IGNORE INTO links(a,b) VALUES('wfharvey','mrjames');
INSERT OR IGNORE INTO links(a,b) VALUES('gautier','maupassant');
INSERT OR IGNORE INTO links(a,b) VALUES('strobl','ewers');
INSERT OR IGNORE INTO links(a,b) VALUES('gogol','hoffmann');
INSERT OR IGNORE INTO links(a,b) VALUES('potocki','jeanray');
INSERT OR IGNORE INTO links(a,b) VALUES('pusongling','akinari');
INSERT OR IGNORE INTO links(a,b) VALUES('kyoka','hearn');
INSERT OR IGNORE INTO links(a,b) VALUES('sologub','gogol');
INSERT OR IGNORE INTO links(a,b) VALUES('panizza','ewers');
INSERT OR IGNORE INTO links(a,b) VALUES('schwob','villiers');
INSERT OR IGNORE INTO links(a,b) VALUES('dinesen','aickman');
INSERT OR IGNORE INTO links(a,b) VALUES('matheson','bloch');
INSERT OR IGNORE INTO links(a,b) VALUES('beaumont','matheson');
INSERT OR IGNORE INTO links(a,b) VALUES('bradbury','partridge');
INSERT OR IGNORE INTO links(a,b) VALUES('jfinney','bradbury');
INSERT OR IGNORE INTO links(a,b) VALUES('levin','blatty');
INSERT OR IGNORE INTO links(a,b) VALUES('blatty','king');
INSERT OR IGNORE INTO links(a,b) VALUES('siddons','mcdowell');
INSERT OR IGNORE INTO links(a,b) VALUES('marasco','mcdowell');
INSERT OR IGNORE INTO links(a,b) VALUES('etchison','grant');
INSERT OR IGNORE INTO links(a,b) VALUES('tem','grant');
INSERT OR IGNORE INTO links(a,b) VALUES('brite','barker');
INSERT OR IGNORE INTO links(a,b) VALUES('mccammon','king');
INSERT OR IGNORE INTO links(a,b) VALUES('ellison','matheson');
INSERT OR IGNORE INTO links(a,b) VALUES('oates','jackson');
INSERT OR IGNORE INTO links(a,b) VALUES('morrison','oates');
INSERT OR IGNORE INTO links(a,b) VALUES('topor','kosinski');
INSERT OR IGNORE INTO links(a,b) VALUES('cain','thompson');
INSERT OR IGNORE INTO links(a,b) VALUES('willeford','thompson');
INSERT OR IGNORE INTO links(a,b) VALUES('himes','goodis');
INSERT OR IGNORE INTO links(a,b) VALUES('millar','hughes');
INSERT OR IGNORE INTO links(a,b) VALUES('rendell','highsmith');
INSERT OR IGNORE INTO links(a,b) VALUES('izzo','manchette');
INSERT OR IGNORE INTO links(a,b) VALUES('dard','boileau');
INSERT OR IGNORE INTO links(a,b) VALUES('suskind','ewers');
INSERT OR IGNORE INTO links(a,b) VALUES('machado','link');
INSERT OR IGNORE INTO links(a,b) VALUES('nevill','tryon');
INSERT OR IGNORE INTO links(a,b) VALUES('langan','barron');
INSERT OR IGNORE INTO links(a,b) VALUES('files','kiernan');
INSERT OR IGNORE INTO links(a,b) VALUES('llewellyn','barron');
INSERT OR IGNORE INTO links(a,b) VALUES('cisco','ligotti');
INSERT OR IGNORE INTO links(a,b) VALUES('samuels','ligotti');
INSERT OR IGNORE INTO links(a,b) VALUES('padgett','ligotti');
INSERT OR IGNORE INTO links(a,b) VALUES('malerman','tremblay');
INSERT OR IGNORE INTO links(a,b) VALUES('lavalle','lovecraft');
INSERT OR IGNORE INTO links(a,b) VALUES('due','lavalle');
INSERT OR IGNORE INTO links(a,b) VALUES('ward','tremblay');
INSERT OR IGNORE INTO links(a,b) VALUES('kiste','jackson');
INSERT OR IGNORE INTO links(a,b) VALUES('katsu','simmons');
INSERT OR IGNORE INTO links(a,b) VALUES('lindqvist','king');
INSERT OR IGNORE INTO links(a,b) VALUES('tidbeck','link');
INSERT OR IGNORE INTO links(a,b) VALUES('tokarczuk','gombrowicz');
INSERT OR IGNORE INTO links(a,b) VALUES('couto','okri');
INSERT OR IGNORE INTO links(a,b) VALUES('emezi','okri');
INSERT OR IGNORE INTO links(a,b) VALUES('mieville','mjharrison');
INSERT OR IGNORE INTO links(a,b) VALUES('crowley','mirrlees');
INSERT OR IGNORE INTO links(a,b) VALUES('holdstock','garner');
INSERT OR IGNORE INTO links(a,b) VALUES('akutagawa','ranpo');
INSERT OR IGNORE INTO links(a,b) VALUES('tanizaki','ranpo');
INSERT OR IGNORE INTO links(a,b) VALUES('ono','suzuki');
INSERT OR IGNORE INTO links(a,b) VALUES('cortazar','borges');
INSERT OR IGNORE INTO links(a,b) VALUES('borges','bioy');
INSERT OR IGNORE INTO links(a,b) VALUES('felisberto','cortazar');
INSERT OR IGNORE INTO links(a,b) VALUES('sabato','donoso');
INSERT OR IGNORE INTO links(a,b) VALUES('pynchon','delillo');
INSERT OR IGNORE INTO links(a,b) VALUES('dick','lem');
INSERT OR IGNORE INTO works(id,author,title,year,kind,desc,dims,signals,tasteMatch,source) VALUES('blackwood::the-willows','blackwood','The Willows',NULL,'novel','','{}',0,0,'seed');
INSERT OR IGNORE INTO works(id,author,title,year,kind,desc,dims,signals,tasteMatch,source) VALUES('blackwood::the-wendigo','blackwood','The Wendigo',NULL,'novel','','{}',0,0,'seed');
INSERT OR IGNORE INTO works(id,author,title,year,kind,desc,dims,signals,tasteMatch,source) VALUES('machen::the-great-god-pan','machen','The Great God Pan',NULL,'novel','Willows-similar lists; the uncanny materializing into something concrete.','{}',1,0.7,'seed');
INSERT OR IGNORE INTO works(id,author,title,year,kind,desc,dims,signals,tasteMatch,source) VALUES('aickman::cold-hand-in-mine','aickman','Cold Hand in Mine',NULL,'novel','Aickman is Goodreads'' top similar author for Ligotti; strange stories, unresolved.','{}',2,0.75,'seed');
INSERT OR IGNORE INTO works(id,author,title,year,kind,desc,dims,signals,tasteMatch,source) VALUES('ligotti::songs-of-a-dead-dreamer','ligotti','Songs of a Dead Dreamer',NULL,'novel','','{}',0,0,'seed');
INSERT OR IGNORE INTO works(id,author,title,year,kind,desc,dims,signals,tasteMatch,source) VALUES('grabinski::the-dark-domain','grabinski','The Dark Domain',NULL,'novel','','{}',0,0,'seed');
INSERT OR IGNORE INTO works(id,author,title,year,kind,desc,dims,signals,tasteMatch,source) VALUES('ewers::alraune','ewers','Alraune',NULL,'novel','','{}',0,0,'seed');
INSERT OR IGNORE INTO works(id,author,title,year,kind,desc,dims,signals,tasteMatch,source) VALUES('ewers::the-spider','ewers','The Spider',NULL,'novel','','{}',0,0,'seed');
INSERT OR IGNORE INTO works(id,author,title,year,kind,desc,dims,signals,tasteMatch,source) VALUES('jackson::the-summer-people','jackson','The Summer People',NULL,'novel','','{}',0,0,'seed');
INSERT OR IGNORE INTO works(id,author,title,year,kind,desc,dims,signals,tasteMatch,source) VALUES('jackson::we-have-always-lived-in-the-castle','jackson','We Have Always Lived in the Castle',NULL,'novel','Jackson orbit around your Elementals/Summer People reads.','{}',2,0.7,'seed');
INSERT OR IGNORE INTO works(id,author,title,year,kind,desc,dims,signals,tasteMatch,source) VALUES('leiber::smoke-ghost','leiber','Smoke Ghost',NULL,'novel','','{}',0,0,'seed');
INSERT OR IGNORE INTO works(id,author,title,year,kind,desc,dims,signals,tasteMatch,source) VALUES('mcdowell::the-elementals','mcdowell','The Elementals',NULL,'novel','','{}',0,0,'seed');
INSERT OR IGNORE INTO works(id,author,title,year,kind,desc,dims,signals,tasteMatch,source) VALUES('tuttle::a-nest-of-nightmares','tuttle','A Nest of Nightmares',NULL,'novel','','{}',0,0,'seed');
INSERT OR IGNORE INTO works(id,author,title,year,kind,desc,dims,signals,tasteMatch,source) VALUES('tuttle::my-death','tuttle','My Death',NULL,'novel','','{}',0,0,'seed');
INSERT OR IGNORE INTO works(id,author,title,year,kind,desc,dims,signals,tasteMatch,source) VALUES('wagner::why-not-you-and-i','wagner','Why Not You and I?',NULL,'novel','','{}',0,0,'seed');
INSERT OR IGNORE INTO works(id,author,title,year,kind,desc,dims,signals,tasteMatch,source) VALUES('scerbanenco::a-private-venus','scerbanenco','A Private Venus',NULL,'novel','','{}',0,0,'seed');
INSERT OR IGNORE INTO works(id,author,title,year,kind,desc,dims,signals,tasteMatch,source) VALUES('hughes::in-a-lonely-place','hughes','In a Lonely Place',NULL,'novel','','{}',0,0,'seed');
INSERT OR IGNORE INTO works(id,author,title,year,kind,desc,dims,signals,tasteMatch,source) VALUES('thompson::the-killer-inside-me','thompson','The Killer Inside Me',NULL,'novel','','{}',0,0,'seed');
INSERT OR IGNORE INTO works(id,author,title,year,kind,desc,dims,signals,tasteMatch,source) VALUES('mccarthy::no-country-for-old-men','mccarthy','No Country for Old Men',NULL,'novel','','{}',0,0,'seed');
INSERT OR IGNORE INTO works(id,author,title,year,kind,desc,dims,signals,tasteMatch,source) VALUES('mccarthy::blood-meridian','mccarthy','Blood Meridian',NULL,'novel','','{}',0,0,'seed');
INSERT OR IGNORE INTO works(id,author,title,year,kind,desc,dims,signals,tasteMatch,source) VALUES('christie::and-then-there-were-none','christie','And Then There Were None',NULL,'novel','','{}',0,0,'seed');
INSERT OR IGNORE INTO works(id,author,title,year,kind,desc,dims,signals,tasteMatch,source) VALUES('demaria::the-twenty-days-of-turin','demaria','The Twenty Days of Turin',NULL,'novel','','{}',0,0,'seed');
INSERT OR IGNORE INTO works(id,author,title,year,kind,desc,dims,signals,tasteMatch,source) VALUES('sebald::the-rings-of-saturn','sebald','The Rings of Saturn',NULL,'novel','','{}',0,0,'seed');
INSERT OR IGNORE INTO works(id,author,title,year,kind,desc,dims,signals,tasteMatch,source) VALUES('sebald::austerlitz','sebald','Austerlitz',NULL,'novel','','{}',0,0,'seed');
INSERT OR IGNORE INTO works(id,author,title,year,kind,desc,dims,signals,tasteMatch,source) VALUES('bolano::2666','bolano','2666',NULL,'novel','','{}',0,0,'seed');
INSERT OR IGNORE INTO works(id,author,title,year,kind,desc,dims,signals,tasteMatch,source) VALUES('knausgard::the-morning-star','knausgard','The Morning Star',NULL,'novel','','{}',0,0,'seed');
INSERT OR IGNORE INTO works(id,author,title,year,kind,desc,dims,signals,tasteMatch,source) VALUES('bernhard::the-loser','bernhard','The Loser',NULL,'novel','','{}',0,0,'seed');
INSERT OR IGNORE INTO works(id,author,title,year,kind,desc,dims,signals,tasteMatch,source) VALUES('bernhard::correction','bernhard','Correction',NULL,'novel','','{}',0,0,'seed');
INSERT OR IGNORE INTO works(id,author,title,year,kind,desc,dims,signals,tasteMatch,source) VALUES('labatut::when-we-cease-to-understand-the-world','labatut','When We Cease to Understand the World',NULL,'novel','','{}',0,0,'seed');
INSERT OR IGNORE INTO works(id,author,title,year,kind,desc,dims,signals,tasteMatch,source) VALUES('cole::open-city','cole','Open City',NULL,'novel','','{}',0,0,'seed');
INSERT OR IGNORE INTO works(id,author,title,year,kind,desc,dims,signals,tasteMatch,source) VALUES('ketchum::off-season','ketchum','Off Season',NULL,'novel','','{}',0,0,'seed');
INSERT OR IGNORE INTO works(id,author,title,year,kind,desc,dims,signals,tasteMatch,source) VALUES('ketchum::the-girl-next-door','ketchum','The Girl Next Door',NULL,'novel','','{}',0,0,'seed');
INSERT OR IGNORE INTO works(id,author,title,year,kind,desc,dims,signals,tasteMatch,source) VALUES('lansdale::the-nightrunners','lansdale','The Nightrunners',NULL,'novel','','{}',0,0,'seed');
INSERT OR IGNORE INTO works(id,author,title,year,kind,desc,dims,signals,tasteMatch,source) VALUES('sgj::the-only-good-indians','sgj','The Only Good Indians',NULL,'novel','','{}',0,0,'seed');
INSERT OR IGNORE INTO works(id,author,title,year,kind,desc,dims,signals,tasteMatch,source) VALUES('sgj::the-killer-on-the-road','sgj','The Killer on the Road',NULL,'novel','','{}',0,0,'seed');
INSERT OR IGNORE INTO works(id,author,title,year,kind,desc,dims,signals,tasteMatch,source) VALUES('king::cujo','king','Cujo',NULL,'novel','','{}',0,0,'seed');
INSERT OR IGNORE INTO works(id,author,title,year,kind,desc,dims,signals,tasteMatch,source) VALUES('partridge::dark-harvest','partridge','Dark Harvest',NULL,'novel','','{}',0,0,'seed');
INSERT OR IGNORE INTO works(id,author,title,year,kind,desc,dims,signals,tasteMatch,source) VALUES('duras::the-ravishing-of-lol-stein','duras','The Ravishing of Lol Stein',NULL,'novel','','{}',0,0,'seed');
INSERT OR IGNORE INTO works(id,author,title,year,kind,desc,dims,signals,tasteMatch,source) VALUES('rulfo::pedro-p-ramo','rulfo','Pedro Páramo',NULL,'novel','','{}',0,0,'seed');
INSERT OR IGNORE INTO works(id,author,title,year,kind,desc,dims,signals,tasteMatch,source) VALUES('dumaurier::don-t-look-now','dumaurier','Don''t Look Now',NULL,'novel','','{}',0,0,'seed');
INSERT OR IGNORE INTO works(id,author,title,year,kind,desc,dims,signals,tasteMatch,source) VALUES('dumaurier::the-birds','dumaurier','The Birds',NULL,'novel','','{}',0,0,'seed');
INSERT OR IGNORE INTO works(id,author,title,year,kind,desc,dims,signals,tasteMatch,source) VALUES('queneau::pierrot-mon-ami','queneau','Pierrot Mon Ami',NULL,'novel','','{}',0,0,'seed');
INSERT OR IGNORE INTO works(id,author,title,year,kind,desc,dims,signals,tasteMatch,source) VALUES('evenson::a-collapse-of-horses','evenson','A Collapse of Horses',NULL,'novel','Appears directly on reader lists of books like Songs of a Dead Dreamer.','{}',2,0.85,'seed');
INSERT OR IGNORE INTO works(id,author,title,year,kind,desc,dims,signals,tasteMatch,source) VALUES('evenson::last-days','evenson','Last Days',NULL,'novel','','{}',0,0,'seed');
INSERT OR IGNORE INTO works(id,author,title,year,kind,desc,dims,signals,tasteMatch,source) VALUES('hamsun::hunger','hamsun','Hunger',NULL,'novel','','{}',0,0,'seed');
INSERT OR IGNORE INTO works(id,author,title,year,kind,desc,dims,signals,tasteMatch,source) VALUES('hamsun::pan','hamsun','Pan',NULL,'novel','','{}',0,0,'seed');
INSERT OR IGNORE INTO works(id,author,title,year,kind,desc,dims,signals,tasteMatch,source) VALUES('bass::the-watch','bass','The Watch',NULL,'novel','','{}',0,0,'seed');
INSERT OR IGNORE INTO works(id,author,title,year,kind,desc,dims,signals,tasteMatch,source) VALUES('enriquez::our-share-of-night','enriquez','Our Share of Night',NULL,'novel','','{}',0,0,'seed');
INSERT OR IGNORE INTO works(id,author,title,year,kind,desc,dims,signals,tasteMatch,source) VALUES('enriquez::things-we-lost-in-the-fire','enriquez','Things We Lost in the Fire',NULL,'novel','','{}',0,0,'seed');
INSERT OR IGNORE INTO works(id,author,title,year,kind,desc,dims,signals,tasteMatch,source) VALUES('moshfegh::eileen','moshfegh','Eileen',NULL,'novel','','{}',0,0,'seed');
INSERT OR IGNORE INTO works(id,author,title,year,kind,desc,dims,signals,tasteMatch,source) VALUES('moshfegh::lapvona','moshfegh','Lapvona',NULL,'novel','','{}',0,0,'seed');
INSERT OR IGNORE INTO works(id,author,title,year,kind,desc,dims,signals,tasteMatch,source) VALUES('jeanray::malpertuis','jeanray','Malpertuis',NULL,'novel','','{}',0,0,'seed');
INSERT OR IGNORE INTO works(id,author,title,year,kind,desc,dims,signals,tasteMatch,source) VALUES('jeanray::whiskey-tales','jeanray','Whiskey Tales',NULL,'collection','','{}',0,0,'seed');
INSERT OR IGNORE INTO works(id,author,title,year,kind,desc,dims,signals,tasteMatch,source) VALUES('meyrink::the-golem','meyrink','The Golem',NULL,'novel','','{}',0,0,'seed');
INSERT OR IGNORE INTO works(id,author,title,year,kind,desc,dims,signals,tasteMatch,source) VALUES('meyrink::the-green-face','meyrink','The Green Face',NULL,'novel','','{}',0,0,'seed');
INSERT OR IGNORE INTO works(id,author,title,year,kind,desc,dims,signals,tasteMatch,source) VALUES('kubin::the-other-side','kubin','The Other Side',NULL,'novel','','{}',0,0,'seed');
INSERT OR IGNORE INTO works(id,author,title,year,kind,desc,dims,signals,tasteMatch,source) VALUES('perutz::by-night-under-the-stone-bridge','perutz','By Night Under the Stone Bridge',NULL,'novel','','{}',0,0,'seed');
INSERT OR IGNORE INTO works(id,author,title,year,kind,desc,dims,signals,tasteMatch,source) VALUES('hodgson::the-house-on-the-borderland','hodgson','The House on the Borderland',NULL,'novel','On readers'' Willows-similar lists; cosmic dread, strange structure.','{}',1,0.7,'seed');
INSERT OR IGNORE INTO works(id,author,title,year,kind,desc,dims,signals,tasteMatch,source) VALUES('mrjames::oh-whistle-and-i-ll-come-to-you','mrjames','Oh, Whistle, and I''ll Come to You',NULL,'novel','Grouped with Blackwood/Machen as the masters of suggestion-then-presence.','{}',1,0.5,'seed');
INSERT OR IGNORE INTO works(id,author,title,year,kind,desc,dims,signals,tasteMatch,source) VALUES('hoffmann::the-sandman','hoffmann','The Sandman',NULL,'novel','','{}',0,0,'seed');
INSERT OR IGNORE INTO works(id,author,title,year,kind,desc,dims,signals,tasteMatch,source) VALUES('hedayat::the-blind-owl','hedayat','The Blind Owl',NULL,'novel','','{}',0,0,'seed');
INSERT OR IGNORE INTO works(id,author,title,year,kind,desc,dims,signals,tasteMatch,source) VALUES('schulz::the-street-of-crocodiles','schulz','The Street of Crocodiles',NULL,'novel','','{}',0,0,'seed');
INSERT OR IGNORE INTO works(id,author,title,year,kind,desc,dims,signals,tasteMatch,source) VALUES('davila::the-houseguest','davila','The Houseguest',NULL,'novel','','{}',0,0,'seed');
INSERT OR IGNORE INTO works(id,author,title,year,kind,desc,dims,signals,tasteMatch,source) VALUES('kavan::ice','kavan','Ice',NULL,'novel','','{}',0,0,'seed');
INSERT OR IGNORE INTO works(id,author,title,year,kind,desc,dims,signals,tasteMatch,source) VALUES('barron::the-imago-sequence','barron','The Imago Sequence',NULL,'novel','Barron''s collections are the most-cited follow-on for Ligotti readers.','{}',2,0.8,'seed');
INSERT OR IGNORE INTO works(id,author,title,year,kind,desc,dims,signals,tasteMatch,source) VALUES('barron::occultation','barron','Occultation',NULL,'novel','','{}',0,0,'seed');
INSERT OR IGNORE INTO works(id,author,title,year,kind,desc,dims,signals,tasteMatch,source) VALUES('klein::the-ceremonies','klein','The Ceremonies',NULL,'novel','Cited alongside Harvest Home for the same slow ritual dread; Machen-derived.','{}',2,0.8,'seed');
INSERT OR IGNORE INTO works(id,author,title,year,kind,desc,dims,signals,tasteMatch,source) VALUES('klein::dark-gods','klein','Dark Gods',NULL,'novel','','{}',0,0,'seed');
INSERT OR IGNORE INTO works(id,author,title,year,kind,desc,dims,signals,tasteMatch,source) VALUES('lamsley::conference-with-the-dead','lamsley','Conference With the Dead',NULL,'novel','','{}',0,0,'seed');
INSERT OR IGNORE INTO works(id,author,title,year,kind,desc,dims,signals,tasteMatch,source) VALUES('straub::ghost-story','straub','Ghost Story',NULL,'novel','Standard co-recommendation for The Elementals; atmospheric presence gaining weight.','{}',2,0.7,'seed');
INSERT OR IGNORE INTO works(id,author,title,year,kind,desc,dims,signals,tasteMatch,source) VALUES('straub::julia','straub','Julia',NULL,'novel','','{}',0,0,'seed');
INSERT OR IGNORE INTO works(id,author,title,year,kind,desc,dims,signals,tasteMatch,source) VALUES('tryon::harvest-home','tryon','Harvest Home',NULL,'novel','Rural village folk horror; repeatedly co-recommended with Dark Harvest and The Elementals.','{}',3,0.9,'seed');
INSERT OR IGNORE INTO works(id,author,title,year,kind,desc,dims,signals,tasteMatch,source) VALUES('tryon::the-other','tryon','The Other',NULL,'novel','','{}',0,0,'seed');
INSERT OR IGNORE INTO works(id,author,title,year,kind,desc,dims,signals,tasteMatch,source) VALUES('grant::the-nestling','grant','The Nestling',NULL,'novel','','{}',0,0,'seed');
INSERT OR IGNORE INTO works(id,author,title,year,kind,desc,dims,signals,tasteMatch,source) VALUES('grant::the-pet','grant','The Pet',NULL,'novel','','{}',0,0,'seed');
INSERT OR IGNORE INTO works(id,author,title,year,kind,desc,dims,signals,tasteMatch,source) VALUES('rcampbell::the-face-that-must-die','rcampbell','The Face That Must Die',NULL,'novel','','{}',0,0,'seed');
INSERT OR IGNORE INTO works(id,author,title,year,kind,desc,dims,signals,tasteMatch,source) VALUES('rcampbell::alone-with-the-horrors','rcampbell','Alone With the Horrors',NULL,'novel','','{}',0,0,'seed');
INSERT OR IGNORE INTO works(id,author,title,year,kind,desc,dims,signals,tasteMatch,source) VALUES('kiernan::the-red-tree','kiernan','The Red Tree',NULL,'novel','','{}',0,0,'seed');
INSERT OR IGNORE INTO works(id,author,title,year,kind,desc,dims,signals,tasteMatch,source) VALUES('kiernan::the-drowning-girl','kiernan','The Drowning Girl',NULL,'novel','','{}',0,0,'seed');
INSERT OR IGNORE INTO works(id,author,title,year,kind,desc,dims,signals,tasteMatch,source) VALUES('simmons::song-of-kali','simmons','Song of Kali',NULL,'novel','','{}',0,0,'seed');
INSERT OR IGNORE INTO works(id,author,title,year,kind,desc,dims,signals,tasteMatch,source) VALUES('farris::all-heads-turn-when-the-hunt-goes-by','farris','All Heads Turn When the Hunt Goes By',NULL,'novel','','{}',0,0,'seed');
INSERT OR IGNORE INTO works(id,author,title,year,kind,desc,dims,signals,tasteMatch,source) VALUES('farris::the-fury','farris','The Fury',NULL,'novel','','{}',0,0,'seed');
INSERT OR IGNORE INTO works(id,author,title,year,kind,desc,dims,signals,tasteMatch,source) VALUES('ballingrud::wounds','ballingrud','Wounds',NULL,'novel','','{}',0,0,'seed');
INSERT OR IGNORE INTO works(id,author,title,year,kind,desc,dims,signals,tasteMatch,source) VALUES('ballingrud::north-american-lake-monsters','ballingrud','North American Lake Monsters',NULL,'novel','','{}',0,0,'seed');
INSERT OR IGNORE INTO works(id,author,title,year,kind,desc,dims,signals,tasteMatch,source) VALUES('tremblay::a-head-full-of-ghosts','tremblay','A Head Full of Ghosts',NULL,'novel','','{}',0,0,'seed');
INSERT OR IGNORE INTO works(id,author,title,year,kind,desc,dims,signals,tasteMatch,source) VALUES('draymond::he-died-with-his-eyes-open','draymond','He Died With His Eyes Open',NULL,'novel','','{}',0,0,'seed');
INSERT OR IGNORE INTO works(id,author,title,year,kind,desc,dims,signals,tasteMatch,source) VALUES('goodis::down-there','goodis','Down There',NULL,'novel','','{}',0,0,'seed');
INSERT OR IGNORE INTO works(id,author,title,year,kind,desc,dims,signals,tasteMatch,source) VALUES('woolrich::night-has-a-thousand-eyes','woolrich','Night Has a Thousand Eyes',NULL,'novel','','{}',0,0,'seed');
INSERT OR IGNORE INTO works(id,author,title,year,kind,desc,dims,signals,tasteMatch,source) VALUES('woolrich::the-bride-wore-black','woolrich','The Bride Wore Black',NULL,'novel','','{}',0,0,'seed');
INSERT OR IGNORE INTO works(id,author,title,year,kind,desc,dims,signals,tasteMatch,source) VALUES('highsmith::deep-water','highsmith','Deep Water',NULL,'novel','','{}',0,0,'seed');
INSERT OR IGNORE INTO works(id,author,title,year,kind,desc,dims,signals,tasteMatch,source) VALUES('highsmith::edith-s-diary','highsmith','Edith''s Diary',NULL,'novel','','{}',0,0,'seed');
INSERT OR IGNORE INTO works(id,author,title,year,kind,desc,dims,signals,tasteMatch,source) VALUES('gresham::nightmare-alley','gresham','Nightmare Alley',NULL,'novel','','{}',0,0,'seed');
INSERT OR IGNORE INTO works(id,author,title,year,kind,desc,dims,signals,tasteMatch,source) VALUES('manchette::the-prone-gunman','manchette','The Prone Gunman',NULL,'novel','','{}',0,0,'seed');
INSERT OR IGNORE INTO works(id,author,title,year,kind,desc,dims,signals,tasteMatch,source) VALUES('malet::nestor-burma-series','malet','Nestor Burma series',NULL,'collection','','{}',0,0,'seed');
INSERT OR IGNORE INTO works(id,author,title,year,kind,desc,dims,signals,tasteMatch,source) VALUES('lucarelli::almost-blue','lucarelli','Almost Blue',NULL,'novel','','{}',0,0,'seed');
INSERT OR IGNORE INTO works(id,author,title,year,kind,desc,dims,signals,tasteMatch,source) VALUES('ellroy::the-black-dahlia','ellroy','The Black Dahlia',NULL,'novel','','{}',0,0,'seed');
INSERT OR IGNORE INTO works(id,author,title,year,kind,desc,dims,signals,tasteMatch,source) VALUES('harris::red-dragon','harris','Red Dragon',NULL,'novel','','{}',0,0,'seed');
INSERT OR IGNORE INTO works(id,author,title,year,kind,desc,dims,signals,tasteMatch,source) VALUES('mcgrath::spider','mcgrath','Spider',NULL,'novel','','{}',0,0,'seed');
INSERT OR IGNORE INTO works(id,author,title,year,kind,desc,dims,signals,tasteMatch,source) VALUES('mcgrath::asylum','mcgrath','Asylum',NULL,'novel','','{}',0,0,'seed');
INSERT OR IGNORE INTO works(id,author,title,year,kind,desc,dims,signals,tasteMatch,source) VALUES('vachss::flood','vachss','Flood',NULL,'novel','','{}',0,0,'seed');
INSERT OR IGNORE INTO works(id,author,title,year,kind,desc,dims,signals,tasteMatch,source) VALUES('lecarre::the-spy-who-came-in-from-the-cold','lecarre','The Spy Who Came in From the Cold',NULL,'novel','','{}',0,0,'seed');
INSERT OR IGNORE INTO works(id,author,title,year,kind,desc,dims,signals,tasteMatch,source) VALUES('lecarre::tinker-tailor-soldier-spy','lecarre','Tinker Tailor Soldier Spy',NULL,'novel','','{}',0,0,'seed');
INSERT OR IGNORE INTO works(id,author,title,year,kind,desc,dims,signals,tasteMatch,source) VALUES('furst::night-soldiers','furst','Night Soldiers',NULL,'novel','','{}',0,0,'seed');
INSERT OR IGNORE INTO works(id,author,title,year,kind,desc,dims,signals,tasteMatch,source) VALUES('fitzek::therapy','fitzek','Therapy',NULL,'novel','','{}',0,0,'seed');
INSERT OR IGNORE INTO works(id,author,title,year,kind,desc,dims,signals,tasteMatch,source) VALUES('grange::the-crimson-rivers','grange','The Crimson Rivers',NULL,'novel','','{}',0,0,'seed');
INSERT OR IGNORE INTO works(id,author,title,year,kind,desc,dims,signals,tasteMatch,source) VALUES('theorin::echoes-from-the-dead','theorin','Echoes From the Dead',NULL,'novel','','{}',0,0,'seed');
INSERT OR IGNORE INTO works(id,author,title,year,kind,desc,dims,signals,tasteMatch,source) VALUES('urban::plan-d','urban','Plan D',NULL,'novel','','{}',0,0,'seed');
INSERT OR IGNORE INTO works(id,author,title,year,kind,desc,dims,signals,tasteMatch,source) VALUES('schirach::crime','schirach','Crime',NULL,'novel','','{}',0,0,'seed');
INSERT OR IGNORE INTO works(id,author,title,year,kind,desc,dims,signals,tasteMatch,source) VALUES('schirach::guilt','schirach','Guilt',NULL,'novel','','{}',0,0,'seed');
INSERT OR IGNORE INTO works(id,author,title,year,kind,desc,dims,signals,tasteMatch,source) VALUES('sciascia::equal-danger','sciascia','Equal Danger',NULL,'novel','','{}',0,0,'seed');
INSERT OR IGNORE INTO works(id,author,title,year,kind,desc,dims,signals,tasteMatch,source) VALUES('sciascia::the-day-of-the-owl','sciascia','The Day of the Owl',NULL,'novel','','{}',0,0,'seed');
INSERT OR IGNORE INTO works(id,author,title,year,kind,desc,dims,signals,tasteMatch,source) VALUES('lem::the-investigation','lem','The Investigation',NULL,'novel','','{}',0,0,'seed');
INSERT OR IGNORE INTO works(id,author,title,year,kind,desc,dims,signals,tasteMatch,source) VALUES('delillo::libra','delillo','Libra',NULL,'novel','','{}',0,0,'seed');
INSERT OR IGNORE INTO works(id,author,title,year,kind,desc,dims,signals,tasteMatch,source) VALUES('delillo::running-dog','delillo','Running Dog',NULL,'novel','','{}',0,0,'seed');
INSERT OR IGNORE INTO works(id,author,title,year,kind,desc,dims,signals,tasteMatch,source) VALUES('kis::a-tomb-for-boris-davidovich','kis','A Tomb for Boris Davidovich',NULL,'novel','','{}',0,0,'seed');
INSERT OR IGNORE INTO works(id,author,title,year,kind,desc,dims,signals,tasteMatch,source) VALUES('marias::your-face-tomorrow','marias','Your Face Tomorrow',NULL,'novel','','{}',0,0,'seed');
INSERT OR IGNORE INTO works(id,author,title,year,kind,desc,dims,signals,tasteMatch,source) VALUES('krasznahorkai::satantango','krasznahorkai','Satantango',NULL,'novel','','{}',0,0,'seed');
INSERT OR IGNORE INTO works(id,author,title,year,kind,desc,dims,signals,tasteMatch,source) VALUES('krasznahorkai::the-melancholy-of-resistance','krasznahorkai','The Melancholy of Resistance',NULL,'novel','','{}',0,0,'seed');
INSERT OR IGNORE INTO works(id,author,title,year,kind,desc,dims,signals,tasteMatch,source) VALUES('spark::the-driver-s-seat','spark','The Driver''s Seat',NULL,'novel','','{}',0,0,'seed');
INSERT OR IGNORE INTO works(id,author,title,year,kind,desc,dims,signals,tasteMatch,source) VALUES('kristof::the-notebook','kristof','The Notebook',NULL,'novel','','{}',0,0,'seed');
INSERT OR IGNORE INTO works(id,author,title,year,kind,desc,dims,signals,tasteMatch,source) VALUES('auster::city-of-glass','auster','City of Glass',NULL,'novel','','{}',0,0,'seed');
INSERT OR IGNORE INTO works(id,author,title,year,kind,desc,dims,signals,tasteMatch,source) VALUES('gombrowicz::cosmos','gombrowicz','Cosmos',NULL,'novel','','{}',0,0,'seed');
INSERT OR IGNORE INTO works(id,author,title,year,kind,desc,dims,signals,tasteMatch,source) VALUES('kadare::the-palace-of-dreams','kadare','The Palace of Dreams',NULL,'novel','','{}',0,0,'seed');
INSERT OR IGNORE INTO works(id,author,title,year,kind,desc,dims,signals,tasteMatch,source) VALUES('kafka::the-trial','kafka','The Trial',NULL,'novel','','{}',0,0,'seed');
INSERT OR IGNORE INTO works(id,author,title,year,kind,desc,dims,signals,tasteMatch,source) VALUES('durrenmatt::the-pledge','durrenmatt','The Pledge',NULL,'novel','','{}',0,0,'seed');
INSERT OR IGNORE INTO works(id,author,title,year,kind,desc,dims,signals,tasteMatch,source) VALUES('tabucchi::indian-nocturne','tabucchi','Indian Nocturne',NULL,'novel','','{}',0,0,'seed');
INSERT OR IGNORE INTO works(id,author,title,year,kind,desc,dims,signals,tasteMatch,source) VALUES('buzzati::the-tartar-steppe','buzzati','The Tartar Steppe',NULL,'novel','','{}',0,0,'seed');
INSERT OR IGNORE INTO works(id,author,title,year,kind,desc,dims,signals,tasteMatch,source) VALUES('carrere::the-adversary','carrere','The Adversary',NULL,'novel','','{}',0,0,'seed');
INSERT OR IGNORE INTO works(id,author,title,year,kind,desc,dims,signals,tasteMatch,source) VALUES('modiano::missing-person','modiano','Missing Person',NULL,'novel','','{}',0,0,'seed');
INSERT OR IGNORE INTO works(id,author,title,year,kind,desc,dims,signals,tasteMatch,source) VALUES('houellebecq::the-elementary-particles','houellebecq','The Elementary Particles',NULL,'novel','','{}',0,0,'seed');
INSERT OR IGNORE INTO works(id,author,title,year,kind,desc,dims,signals,tasteMatch,source) VALUES('macfarlane::underland','macfarlane','Underland',NULL,'novel','','{}',0,0,'seed');
INSERT OR IGNORE INTO works(id,author,title,year,kind,desc,dims,signals,tasteMatch,source) VALUES('laymon::the-cellar','laymon','The Cellar',NULL,'novel','','{}',0,0,'seed');
INSERT OR IGNORE INTO works(id,author,title,year,kind,desc,dims,signals,tasteMatch,source) VALUES('laymon::the-woods-are-dark','laymon','The Woods Are Dark',NULL,'novel','','{}',0,0,'seed');
INSERT OR IGNORE INTO works(id,author,title,year,kind,desc,dims,signals,tasteMatch,source) VALUES('morrell::first-blood','morrell','First Blood',NULL,'novel','','{}',0,0,'seed');
INSERT OR IGNORE INTO works(id,author,title,year,kind,desc,dims,signals,tasteMatch,source) VALUES('koontz::intensity','koontz','Intensity',NULL,'novel','','{}',0,0,'seed');
INSERT OR IGNORE INTO works(id,author,title,year,kind,desc,dims,signals,tasteMatch,source) VALUES('rexmiller::slob','rexmiller','Slob',NULL,'novel','','{}',0,0,'seed');
INSERT OR IGNORE INTO works(id,author,title,year,kind,desc,dims,signals,tasteMatch,source) VALUES('saul::suffer-the-children','saul','Suffer the Children',NULL,'novel','','{}',0,0,'seed');
INSERT OR IGNORE INTO works(id,author,title,year,kind,desc,dims,signals,tasteMatch,source) VALUES('herbert::the-rats','herbert','The Rats',NULL,'novel','','{}',0,0,'seed');
INSERT OR IGNORE INTO works(id,author,title,year,kind,desc,dims,signals,tasteMatch,source) VALUES('herbert::the-fog','herbert','The Fog',NULL,'novel','','{}',0,0,'seed');
INSERT OR IGNORE INTO works(id,author,title,year,kind,desc,dims,signals,tasteMatch,source) VALUES('hutson::slugs','hutson','Slugs',NULL,'novel','','{}',0,0,'seed');
INSERT OR IGNORE INTO works(id,author,title,year,kind,desc,dims,signals,tasteMatch,source) VALUES('hutson::erebus','hutson','Erebus',NULL,'novel','','{}',0,0,'seed');
INSERT OR IGNORE INTO works(id,author,title,year,kind,desc,dims,signals,tasteMatch,source) VALUES('guysmith::night-of-the-crabs','guysmith','Night of the Crabs',NULL,'novel','','{}',0,0,'seed');
INSERT OR IGNORE INTO works(id,author,title,year,kind,desc,dims,signals,tasteMatch,source) VALUES('bloch::psycho','bloch','Psycho',NULL,'novel','','{}',0,0,'seed');
INSERT OR IGNORE INTO works(id,author,title,year,kind,desc,dims,signals,tasteMatch,source) VALUES('connell::the-most-dangerous-game','connell','The Most Dangerous Game',NULL,'novel','','{}',0,0,'seed');
INSERT OR IGNORE INTO works(id,author,title,year,kind,desc,dims,signals,tasteMatch,source) VALUES('jonquet::tarantula','jonquet','Tarantula',NULL,'novel','','{}',0,0,'seed');
INSERT OR IGNORE INTO works(id,author,title,year,kind,desc,dims,signals,tasteMatch,source) VALUES('boileau::vertigo','boileau','Vertigo',NULL,'novel','','{}',0,0,'seed');
INSERT OR IGNORE INTO works(id,author,title,year,kind,desc,dims,signals,tasteMatch,source) VALUES('boileau::she-who-was-no-more','boileau','She Who Was No More',NULL,'novel','','{}',0,0,'seed');
INSERT OR IGNORE INTO works(id,author,title,year,kind,desc,dims,signals,tasteMatch,source) VALUES('leroux::the-phantom-of-the-opera','leroux','The Phantom of the Opera',NULL,'novel','','{}',0,0,'seed');
INSERT OR IGNORE INTO works(id,author,title,year,kind,desc,dims,signals,tasteMatch,source) VALUES('donoso::the-obscene-bird-of-night','donoso','The Obscene Bird of Night',NULL,'novel','','{}',0,0,'seed');
INSERT OR IGNORE INTO works(id,author,title,year,kind,desc,dims,signals,tasteMatch,source) VALUES('hawkes::the-lime-twig','hawkes','The Lime Twig',NULL,'novel','','{}',0,0,'seed');
INSERT OR IGNORE INTO works(id,author,title,year,kind,desc,dims,signals,tasteMatch,source) VALUES('ballard::crash','ballard','Crash',NULL,'novel','','{}',0,0,'seed');
INSERT OR IGNORE INTO works(id,author,title,year,kind,desc,dims,signals,tasteMatch,source) VALUES('ballard::high-rise','ballard','High-Rise',NULL,'novel','','{}',0,0,'seed');
INSERT OR IGNORE INTO works(id,author,title,year,kind,desc,dims,signals,tasteMatch,source) VALUES('djohnson::jesus-son','djohnson','Jesus'' Son',NULL,'novel','','{}',0,0,'seed');
INSERT OR IGNORE INTO works(id,author,title,year,kind,desc,dims,signals,tasteMatch,source) VALUES('djohnson::already-dead','djohnson','Already Dead',NULL,'novel','','{}',0,0,'seed');
INSERT OR IGNORE INTO works(id,author,title,year,kind,desc,dims,signals,tasteMatch,source) VALUES('fuentes::aura','fuentes','Aura',NULL,'novel','','{}',0,0,'seed');
INSERT OR IGNORE INTO works(id,author,title,year,kind,desc,dims,signals,tasteMatch,source) VALUES('bioy::the-invention-of-morel','bioy','The Invention of Morel',NULL,'novel','','{}',0,0,'seed');
INSERT OR IGNORE INTO works(id,author,title,year,kind,desc,dims,signals,tasteMatch,source) VALUES('obrien::the-third-policeman','obrien','The Third Policeman',NULL,'novel','','{}',0,0,'seed');
INSERT OR IGNORE INTO works(id,author,title,year,kind,desc,dims,signals,tasteMatch,source) VALUES('kosinski::steps','kosinski','Steps',NULL,'novel','','{}',0,0,'seed');
INSERT OR IGNORE INTO works(id,author,title,year,kind,desc,dims,signals,tasteMatch,source) VALUES('kosinski::the-painted-bird','kosinski','The Painted Bird',NULL,'novel','','{}',0,0,'seed');
INSERT OR IGNORE INTO works(id,author,title,year,kind,desc,dims,signals,tasteMatch,source) VALUES('vian::froth-on-the-daydream','vian','Froth on the Daydream',NULL,'novel','','{}',0,0,'seed');
INSERT OR IGNORE INTO works(id,author,title,year,kind,desc,dims,signals,tasteMatch,source) VALUES('perec::w-or-the-memory-of-childhood','perec','W, or the Memory of Childhood',NULL,'novel','','{}',0,0,'seed');
INSERT OR IGNORE INTO works(id,author,title,year,kind,desc,dims,signals,tasteMatch,source) VALUES('link::get-in-trouble','link','Get in Trouble',NULL,'novel','','{}',0,0,'seed');
INSERT OR IGNORE INTO works(id,author,title,year,kind,desc,dims,signals,tasteMatch,source) VALUES('link::the-specialist-s-hat','link','The Specialist''s Hat',NULL,'novel','','{}',0,0,'seed');
INSERT OR IGNORE INTO works(id,author,title,year,kind,desc,dims,signals,tasteMatch,source) VALUES('lockwood::no-one-is-talking-about-this','lockwood','No One Is Talking About This',NULL,'novel','','{}',0,0,'seed');
INSERT OR IGNORE INTO works(id,author,title,year,kind,desc,dims,signals,tasteMatch,source) VALUES('kbarry::night-boat-to-tangier','kbarry','Night Boat to Tangier',NULL,'novel','','{}',0,0,'seed');
INSERT OR IGNORE INTO works(id,author,title,year,kind,desc,dims,signals,tasteMatch,source) VALUES('sarraute::tropisms','sarraute','Tropisms',NULL,'novel','','{}',0,0,'seed');
INSERT OR IGNORE INTO works(id,author,title,year,kind,desc,dims,signals,tasteMatch,source) VALUES('robbegrillet::jealousy','robbegrillet','Jealousy',NULL,'novel','','{}',0,0,'seed');
INSERT OR IGNORE INTO works(id,author,title,year,kind,desc,dims,signals,tasteMatch,source) VALUES('ernaux::the-years','ernaux','The Years',NULL,'novel','','{}',0,0,'seed');
INSERT OR IGNORE INTO works(id,author,title,year,kind,desc,dims,signals,tasteMatch,source) VALUES('vann::legend-of-a-suicide','vann','Legend of a Suicide',NULL,'novel','','{}',0,0,'seed');
INSERT OR IGNORE INTO works(id,author,title,year,kind,desc,dims,signals,tasteMatch,source) VALUES('vann::caribou-island','vann','Caribou Island',NULL,'novel','','{}',0,0,'seed');
INSERT OR IGNORE INTO works(id,author,title,year,kind,desc,dims,signals,tasteMatch,source) VALUES('vesaas::the-ice-palace','vesaas','The Ice Palace',NULL,'novel','','{}',0,0,'seed');
INSERT OR IGNORE INTO works(id,author,title,year,kind,desc,dims,signals,tasteMatch,source) VALUES('vesaas::the-birds','vesaas','The Birds',NULL,'novel','','{}',0,0,'seed');
INSERT OR IGNORE INTO works(id,author,title,year,kind,desc,dims,signals,tasteMatch,source) VALUES('bjorneboe::moment-of-freedom','bjorneboe','Moment of Freedom',NULL,'novel','','{}',0,0,'seed');
INSERT OR IGNORE INTO works(id,author,title,year,kind,desc,dims,signals,tasteMatch,source) VALUES('larrybrown::joe','larrybrown','Joe',NULL,'novel','','{}',0,0,'seed');
INSERT OR IGNORE INTO works(id,author,title,year,kind,desc,dims,signals,tasteMatch,source) VALUES('crews::a-feast-of-snakes','crews','A Feast of Snakes',NULL,'novel','','{}',0,0,'seed');
INSERT OR IGNORE INTO works(id,author,title,year,kind,desc,dims,signals,tasteMatch,source) VALUES('quiroga::stories','quiroga','Stories',NULL,'collection','','{}',0,0,'seed');
INSERT OR IGNORE INTO works(id,author,title,year,kind,desc,dims,signals,tasteMatch,source) VALUES('woodrell::winter-s-bone','woodrell','Winter''s Bone',NULL,'novel','','{}',0,0,'seed');
INSERT OR IGNORE INTO works(id,author,title,year,kind,desc,dims,signals,tasteMatch,source) VALUES('woodrell::the-outlaw-album','woodrell','The Outlaw Album',NULL,'novel','','{}',0,0,'seed');
INSERT OR IGNORE INTO works(id,author,title,year,kind,desc,dims,signals,tasteMatch,source) VALUES('pollock::the-devil-all-the-time','pollock','The Devil All the Time',NULL,'novel','','{}',0,0,'seed');
INSERT OR IGNORE INTO works(id,author,title,year,kind,desc,dims,signals,tasteMatch,source) VALUES('rash::serena','rash','Serena',NULL,'novel','','{}',0,0,'seed');
INSERT OR IGNORE INTO works(id,author,title,year,kind,desc,dims,signals,tasteMatch,source) VALUES('rash::the-cove','rash','The Cove',NULL,'novel','','{}',0,0,'seed');
INSERT OR IGNORE INTO works(id,author,title,year,kind,desc,dims,signals,tasteMatch,source) VALUES('matthiessen::shadow-country','matthiessen','Shadow Country',NULL,'novel','','{}',0,0,'seed');
INSERT OR IGNORE INTO works(id,author,title,year,kind,desc,dims,signals,tasteMatch,source) VALUES('schweblin::fever-dream','schweblin','Fever Dream',NULL,'novel','','{}',0,0,'seed');
INSERT OR IGNORE INTO works(id,author,title,year,kind,desc,dims,signals,tasteMatch,source) VALUES('schweblin::mouthful-of-birds','schweblin','Mouthful of Birds',NULL,'novel','','{}',0,0,'seed');
INSERT OR IGNORE INTO works(id,author,title,year,kind,desc,dims,signals,tasteMatch,source) VALUES('ojeda::jawbone','ojeda','Jawbone',NULL,'novel','','{}',0,0,'seed');
INSERT OR IGNORE INTO works(id,author,title,year,kind,desc,dims,signals,tasteMatch,source) VALUES('bazterrica::tender-is-the-flesh','bazterrica','Tender Is the Flesh',NULL,'novel','','{}',0,0,'seed');
INSERT OR IGNORE INTO works(id,author,title,year,kind,desc,dims,signals,tasteMatch,source) VALUES('morenogarcia::mexican-gothic','morenogarcia','Mexican Gothic',NULL,'novel','Orbits the same recommendations as The Elementals and Harvest Home.','{}',2,0.6,'seed');
INSERT OR IGNORE INTO works(id,author,title,year,kind,desc,dims,signals,tasteMatch,source) VALUES('quintana::the-bitch','quintana','The Bitch',NULL,'novel','','{}',0,0,'seed');
INSERT OR IGNORE INTO works(id,author,title,year,kind,desc,dims,signals,tasteMatch,source) VALUES('lispector::the-passion-according-to-g-h','lispector','The Passion According to G.H.',NULL,'novel','','{}',0,0,'seed');
INSERT OR IGNORE INTO works(id,author,title,year,kind,desc,dims,signals,tasteMatch,source) VALUES('villalobos::down-the-rabbit-hole','villalobos','Down the Rabbit Hole',NULL,'novel','','{}',0,0,'seed');
INSERT OR IGNORE INTO works(id,author,title,year,kind,desc,dims,signals,tasteMatch,source) VALUES('otsuichi::goth','otsuichi','Goth',NULL,'novel','','{}',0,0,'seed');
INSERT OR IGNORE INTO works(id,author,title,year,kind,desc,dims,signals,tasteMatch,source) VALUES('otsuichi::zoo','otsuichi','Zoo',NULL,'novel','','{}',0,0,'seed');
INSERT OR IGNORE INTO works(id,author,title,year,kind,desc,dims,signals,tasteMatch,source) VALUES('kirino::out','kirino','Out',NULL,'novel','','{}',0,0,'seed');
INSERT OR IGNORE INTO works(id,author,title,year,kind,desc,dims,signals,tasteMatch,source) VALUES('kirino::grotesque','kirino','Grotesque',NULL,'novel','','{}',0,0,'seed');
INSERT OR IGNORE INTO works(id,author,title,year,kind,desc,dims,signals,tasteMatch,source) VALUES('yokomizo::the-honjin-murders','yokomizo','The Honjin Murders',NULL,'novel','','{}',0,0,'seed');
INSERT OR IGNORE INTO works(id,author,title,year,kind,desc,dims,signals,tasteMatch,source) VALUES('yokomizo::the-inugami-curse','yokomizo','The Inugami Curse',NULL,'novel','','{}',0,0,'seed');
INSERT OR IGNORE INTO works(id,author,title,year,kind,desc,dims,signals,tasteMatch,source) VALUES('borachung::cursed-bunny','borachung','Cursed Bunny',NULL,'novel','','{}',0,0,'seed');
INSERT OR IGNORE INTO works(id,author,title,year,kind,desc,dims,signals,tasteMatch,source) VALUES('jungyujin::the-good-son','jungyujin','The Good Son',NULL,'novel','','{}',0,0,'seed');
INSERT OR IGNORE INTO works(id,author,title,year,kind,desc,dims,signals,tasteMatch,source) VALUES('ryumurakami::in-the-miso-soup','ryumurakami','In the Miso Soup',NULL,'novel','','{}',0,0,'seed');
INSERT OR IGNORE INTO works(id,author,title,year,kind,desc,dims,signals,tasteMatch,source) VALUES('nakamura::the-thief','nakamura','The Thief',NULL,'novel','','{}',0,0,'seed');
INSERT OR IGNORE INTO works(id,author,title,year,kind,desc,dims,signals,tasteMatch,source) VALUES('nakamura::evil-and-the-mask','nakamura','Evil and the Mask',NULL,'novel','','{}',0,0,'seed');
INSERT OR IGNORE INTO works(id,author,title,year,kind,desc,dims,signals,tasteMatch,source) VALUES('abe::the-woman-in-the-dunes','abe','The Woman in the Dunes',NULL,'novel','','{}',0,0,'seed');
INSERT OR IGNORE INTO works(id,author,title,year,kind,desc,dims,signals,tasteMatch,source) VALUES('ranpo::the-human-chair','ranpo','The Human Chair',NULL,'novel','','{}',0,0,'seed');
INSERT OR IGNORE INTO works(id,author,title,year,kind,desc,dims,signals,tasteMatch,source) VALUES('ranpo::the-caterpillar','ranpo','The Caterpillar',NULL,'novel','','{}',0,0,'seed');
INSERT OR IGNORE INTO works(id,author,title,year,kind,desc,dims,signals,tasteMatch,source) VALUES('ito::tomie','ito','Tomie',NULL,'novel','','{}',0,0,'seed');
INSERT OR IGNORE INTO works(id,author,title,year,kind,desc,dims,signals,tasteMatch,source) VALUES('ito::uzumaki','ito','Uzumaki',NULL,'novel','','{}',0,0,'seed');
INSERT OR IGNORE INTO works(id,author,title,year,kind,desc,dims,signals,tasteMatch,source) VALUES('tutuola::the-palm-wine-drinkard','tutuola','The Palm-Wine Drinkard',NULL,'novel','','{}',0,0,'seed');
INSERT OR IGNORE INTO works(id,author,title,year,kind,desc,dims,signals,tasteMatch,source) VALUES('okri::the-famished-road','okri','The Famished Road',NULL,'novel','','{}',0,0,'seed');
INSERT OR IGNORE INTO works(id,author,title,year,kind,desc,dims,signals,tasteMatch,source) VALUES('beukes::the-shining-girls','beukes','The Shining Girls',NULL,'novel','','{}',0,0,'seed');
INSERT OR IGNORE INTO works(id,author,title,year,kind,desc,dims,signals,tasteMatch,source) VALUES('lotz::the-three','lotz','The Three',NULL,'novel','','{}',0,0,'seed');
INSERT OR IGNORE INTO works(id,author,title,year,kind,desc,dims,signals,tasteMatch,source) VALUES('onoh::unhallowed-graves','onoh','Unhallowed Graves',NULL,'novel','','{}',0,0,'seed');
INSERT OR IGNORE INTO works(id,author,title,year,kind,desc,dims,signals,tasteMatch,source) VALUES('meyer::devil-s-peak','meyer','Devil''s Peak',NULL,'novel','','{}',0,0,'seed');
INSERT OR IGNORE INTO works(id,author,title,year,kind,desc,dims,signals,tasteMatch,source) VALUES('lagerkvist::the-dwarf','lagerkvist','The Dwarf',NULL,'novel','','{}',0,0,'seed');
INSERT OR IGNORE INTO works(id,author,title,year,kind,desc,dims,signals,tasteMatch,source) VALUES('lagerkvist::barabbas','lagerkvist','Barabbas',NULL,'novel','','{}',0,0,'seed');
INSERT OR IGNORE INTO works(id,author,title,year,kind,desc,dims,signals,tasteMatch,source) VALUES('golding::the-inheritors','golding','The Inheritors',NULL,'novel','','{}',0,0,'seed');
INSERT OR IGNORE INTO works(id,author,title,year,kind,desc,dims,signals,tasteMatch,source) VALUES('golding::pincher-martin','golding','Pincher Martin',NULL,'novel','','{}',0,0,'seed');
INSERT OR IGNORE INTO works(id,author,title,year,kind,desc,dims,signals,tasteMatch,source) VALUES('oconnor::a-good-man-is-hard-to-find','oconnor','A Good Man Is Hard to Find',NULL,'novel','','{}',0,0,'seed');
INSERT OR IGNORE INTO works(id,author,title,year,kind,desc,dims,signals,tasteMatch,source) VALUES('comyns::the-vet-s-daughter','comyns','The Vet''s Daughter',NULL,'novel','','{}',0,0,'seed');
INSERT OR IGNORE INTO works(id,author,title,year,kind,desc,dims,signals,tasteMatch,source) VALUES('eco::the-name-of-the-rose','eco','The Name of the Rose',NULL,'novel','','{}',0,0,'seed');
INSERT OR IGNORE INTO works(id,author,title,year,kind,desc,dims,signals,tasteMatch,source) VALUES('mantel::fludd','mantel','Fludd',NULL,'novel','','{}',0,0,'seed');
INSERT OR IGNORE INTO works(id,author,title,year,kind,desc,dims,signals,tasteMatch,source) VALUES('peake::gormenghast-trilogy','peake','Gormenghast trilogy',NULL,'collection','','{}',0,0,'seed');
INSERT OR IGNORE INTO works(id,author,title,year,kind,desc,dims,signals,tasteMatch,source) VALUES('garner::the-owl-service','garner','The Owl Service',NULL,'novel','','{}',0,0,'seed');
INSERT OR IGNORE INTO works(id,author,title,year,kind,desc,dims,signals,tasteMatch,source) VALUES('garner::red-shift','garner','Red Shift',NULL,'novel','','{}',0,0,'seed');
INSERT OR IGNORE INTO works(id,author,title,year,kind,desc,dims,signals,tasteMatch,source) VALUES('mirrlees::lud-in-the-mist','mirrlees','Lud-in-the-Mist',NULL,'novel','','{}',0,0,'seed');
INSERT OR IGNORE INTO works(id,author,title,year,kind,desc,dims,signals,tasteMatch,source) VALUES('lindsay::a-voyage-to-arcturus','lindsay','A Voyage to Arcturus',NULL,'novel','','{}',0,0,'seed');
INSERT OR IGNORE INTO works(id,author,title,year,kind,desc,dims,signals,tasteMatch,source) VALUES('wolfe::the-book-of-the-new-sun','wolfe','The Book of the New Sun',NULL,'novel','','{}',0,0,'seed');
INSERT OR IGNORE INTO works(id,author,title,year,kind,desc,dims,signals,tasteMatch,source) VALUES('mjharrison::viriconium','mjharrison','Viriconium',NULL,'novel','','{}',0,0,'seed');
INSERT OR IGNORE INTO works(id,author,title,year,kind,desc,dims,signals,tasteMatch,source) VALUES('erikson::malazan-book-of-the-fallen','erikson','Malazan Book of the Fallen',NULL,'novel','','{}',0,0,'seed');
INSERT OR IGNORE INTO works(id,author,title,year,kind,desc,dims,signals,tasteMatch,source) VALUES('vandermeer::annihilation','vandermeer','Annihilation',NULL,'novel','','{}',0,0,'seed');
INSERT OR IGNORE INTO works(id,author,title,year,kind,desc,dims,signals,tasteMatch,source) VALUES('bakker::the-second-apocalypse','bakker','The Second Apocalypse',NULL,'novel','','{}',0,0,'seed');
INSERT OR IGNORE INTO works(id,author,title,year,kind,desc,dims,signals,tasteMatch,source) VALUES('bakker::neuropath','bakker','Neuropath',NULL,'novel','','{}',0,0,'seed');
INSERT OR IGNORE INTO works(id,author,title,year,kind,desc,dims,signals,tasteMatch,source) VALUES('sapkowski::the-witcher-stories','sapkowski','The Witcher stories',NULL,'collection','','{}',0,0,'seed');
INSERT OR IGNORE INTO works(id,author,title,year,kind,desc,dims,signals,tasteMatch,source) VALUES('despentes::vernon-subutex','despentes','Vernon Subutex',NULL,'novel','','{}',0,0,'seed');
INSERT OR IGNORE INTO works(id,author,title,year,kind,desc,dims,signals,tasteMatch,source) VALUES('bierce::the-death-of-halpin-frayser','bierce','The Death of Halpin Frayser',NULL,'novel','','{}',0,0,'seed');
INSERT OR IGNORE INTO works(id,author,title,year,kind,desc,dims,signals,tasteMatch,source) VALUES('bierce::tales-of-soldiers-and-civilians','bierce','Tales of Soldiers and Civilians',NULL,'collection','','{}',0,0,'seed');
INSERT OR IGNORE INTO works(id,author,title,year,kind,desc,dims,signals,tasteMatch,source) VALUES('stoker::dracula','stoker','Dracula',NULL,'novel','','{}',0,0,'seed');
INSERT OR IGNORE INTO works(id,author,title,year,kind,desc,dims,signals,tasteMatch,source) VALUES('poe::tales-of-mystery-and-imagination','poe','Tales of Mystery and Imagination',NULL,'collection','','{}',0,0,'seed');
INSERT OR IGNORE INTO works(id,author,title,year,kind,desc,dims,signals,tasteMatch,source) VALUES('hawthorne::young-goodman-brown','hawthorne','Young Goodman Brown',NULL,'novel','','{}',0,0,'seed');
INSERT OR IGNORE INTO works(id,author,title,year,kind,desc,dims,signals,tasteMatch,source) VALUES('hawthorne::the-house-of-the-seven-gables','hawthorne','The House of the Seven Gables',NULL,'novel','','{}',0,0,'seed');
INSERT OR IGNORE INTO works(id,author,title,year,kind,desc,dims,signals,tasteMatch,source) VALUES('akinari::ugetsu-monogatari','akinari','Ugetsu Monogatari',NULL,'novel','','{}',0,0,'seed');
INSERT OR IGNORE INTO works(id,author,title,year,kind,desc,dims,signals,tasteMatch,source) VALUES('hearn::kwaidan','hearn','Kwaidan',NULL,'novel','','{}',0,0,'seed');
INSERT OR IGNORE INTO works(id,author,title,year,kind,desc,dims,signals,tasteMatch,source) VALUES('maupassant::the-horla','maupassant','The Horla',NULL,'novel','','{}',0,0,'seed');
INSERT OR IGNORE INTO works(id,author,title,year,kind,desc,dims,signals,tasteMatch,source) VALUES('aktolstoy::the-family-of-the-vourdalak','aktolstoy','The Family of the Vourdalak',NULL,'novel','','{}',0,0,'seed');
INSERT OR IGNORE INTO works(id,author,title,year,kind,desc,dims,signals,tasteMatch,source) VALUES('gotthelf::the-black-spider','gotthelf','The Black Spider',NULL,'novel','','{}',0,0,'seed');
INSERT OR IGNORE INTO works(id,author,title,year,kind,desc,dims,signals,tasteMatch,source) VALUES('buehlman::between-two-fires','buehlman','Between Two Fires',NULL,'novel','','{}',0,0,'seed');
INSERT OR IGNORE INTO works(id,author,title,year,kind,desc,dims,signals,tasteMatch,source) VALUES('buehlman::the-lesser-dead','buehlman','The Lesser Dead',NULL,'novel','','{}',0,0,'seed');
INSERT OR IGNORE INTO works(id,author,title,year,kind,desc,dims,signals,tasteMatch,source) VALUES('koike::the-graveyard-apartment','koike','The Graveyard Apartment',NULL,'novel','','{}',0,0,'seed');
INSERT OR IGNORE INTO works(id,author,title,year,kind,desc,dims,signals,tasteMatch,source) VALUES('barker::books-of-blood','barker','Books of Blood',NULL,'collection','','{}',0,0,'seed');
INSERT OR IGNORE INTO works(id,author,title,year,kind,desc,dims,signals,tasteMatch,source) VALUES('barker::the-hellbound-heart','barker','The Hellbound Heart',NULL,'novel','','{}',0,0,'seed');
INSERT OR IGNORE INTO works(id,author,title,year,kind,desc,dims,signals,tasteMatch,source) VALUES('iglesias::the-devil-takes-you-home','iglesias','The Devil Takes You Home',NULL,'novel','','{}',0,0,'seed');
INSERT OR IGNORE INTO works(id,author,title,year,kind,desc,dims,signals,tasteMatch,source) VALUES('saramago::the-double','saramago','The Double',NULL,'novel','','{}',0,0,'seed');
INSERT OR IGNORE INTO works(id,author,title,year,kind,desc,dims,signals,tasteMatch,source) VALUES('saramago::blindness','saramago','Blindness',NULL,'novel','','{}',0,0,'seed');
INSERT OR IGNORE INTO works(id,author,title,year,kind,desc,dims,signals,tasteMatch,source) VALUES('ogawa::the-memory-police','ogawa','The Memory Police',NULL,'novel','','{}',0,0,'seed');
INSERT OR IGNORE INTO works(id,author,title,year,kind,desc,dims,signals,tasteMatch,source) VALUES('ogawa::revenge','ogawa','Revenge',NULL,'novel','','{}',0,0,'seed');
INSERT OR IGNORE INTO works(id,author,title,year,kind,desc,dims,signals,tasteMatch,source) VALUES('bulgakov::the-master-and-margarita','bulgakov','The Master and Margarita',NULL,'novel','','{}',0,0,'seed');
INSERT OR IGNORE INTO works(id,author,title,year,kind,desc,dims,signals,tasteMatch,source) VALUES('andreyev::the-red-laugh','andreyev','The Red Laugh',NULL,'novel','','{}',0,0,'seed');
INSERT OR IGNORE INTO works(id,author,title,year,kind,desc,dims,signals,tasteMatch,source) VALUES('villiers::cruel-tales','villiers','Cruel Tales',NULL,'collection','','{}',0,0,'seed');
INSERT OR IGNORE INTO works(id,author,title,year,kind,desc,dims,signals,tasteMatch,source) VALUES('lorrain::monsieur-de-phocas','lorrain','Monsieur de Phocas',NULL,'novel','','{}',0,0,'seed');
INSERT OR IGNORE INTO works(id,author,title,year,kind,desc,dims,signals,tasteMatch,source) VALUES('masterton::the-manitou','masterton','The Manitou',NULL,'novel','','{}',0,0,'seed');
INSERT OR IGNORE INTO works(id,author,title,year,kind,desc,dims,signals,tasteMatch,source) VALUES('slade::headhunter','slade','Headhunter',NULL,'novel','','{}',0,0,'seed');
INSERT OR IGNORE INTO works(id,author,title,year,kind,desc,dims,signals,tasteMatch,source) VALUES('coyne::the-piercing','coyne','The Piercing',NULL,'novel','','{}',0,0,'seed');
INSERT OR IGNORE INTO works(id,author,title,year,kind,desc,dims,signals,tasteMatch,source) VALUES('jensen::wait-and-see','jensen','Wait and See',NULL,'novel','','{}',0,0,'seed');
INSERT OR IGNORE INTO works(id,author,title,year,kind,desc,dims,signals,tasteMatch,source) VALUES('johnstone::the-devil-s-cat','johnstone','The Devil''s Cat',NULL,'novel','','{}',0,0,'seed');
INSERT OR IGNORE INTO works(id,author,title,year,kind,desc,dims,signals,tasteMatch,source) VALUES('simenon::the-strangers-in-the-house','simenon','The Strangers in the House',NULL,'novel','','{}',0,0,'seed');
INSERT OR IGNORE INTO works(id,author,title,year,kind,desc,dims,signals,tasteMatch,source) VALUES('vargas::the-chalk-circle-man','vargas','The Chalk Circle Man',NULL,'novel','','{}',0,0,'seed');
INSERT OR IGNORE INTO works(id,author,title,year,kind,desc,dims,signals,tasteMatch,source) VALUES('sjowall::the-laughing-policeman','sjowall','The Laughing Policeman',NULL,'novel','','{}',0,0,'seed');
INSERT OR IGNORE INTO works(id,author,title,year,kind,desc,dims,signals,tasteMatch,source) VALUES('fossum::don-t-look-back','fossum','Don''t Look Back',NULL,'novel','','{}',0,0,'seed');
INSERT OR IGNORE INTO works(id,author,title,year,kind,desc,dims,signals,tasteMatch,source) VALUES('shimada::the-tokyo-zodiac-murders','shimada','The Tokyo Zodiac Murders',NULL,'novel','','{}',0,0,'seed');
INSERT OR IGNORE INTO works(id,author,title,year,kind,desc,dims,signals,tasteMatch,source) VALUES('japrisot::trap-for-cinderella','japrisot','Trap for Cinderella',NULL,'novel','','{}',0,0,'seed');
INSERT OR IGNORE INTO works(id,author,title,year,kind,desc,dims,signals,tasteMatch,source) VALUES('suzuki::ring','suzuki','Ring',NULL,'novel','','{}',0,0,'seed');
INSERT OR IGNORE INTO works(id,author,title,year,kind,desc,dims,signals,tasteMatch,source) VALUES('suzuki::dark-water','suzuki','Dark Water',NULL,'novel','','{}',0,0,'seed');
INSERT OR IGNORE INTO works(id,author,title,year,kind,desc,dims,signals,tasteMatch,source) VALUES('leguin::the-tombs-of-atuan','leguin','The Tombs of Atuan',NULL,'novel','','{}',0,0,'seed');
INSERT OR IGNORE INTO works(id,author,title,year,kind,desc,dims,signals,tasteMatch,source) VALUES('leguin::the-word-for-world-is-forest','leguin','The Word for World Is Forest',NULL,'novel','','{}',0,0,'seed');
INSERT OR IGNORE INTO works(id,author,title,year,kind,desc,dims,signals,tasteMatch,source) VALUES('blicher::the-hosier-and-his-daughter','blicher','The Hosier and His Daughter',NULL,'novel','','{}',0,0,'seed');
INSERT OR IGNORE INTO works(id,author,title,year,kind,desc,dims,signals,tasteMatch,source) VALUES('hankang::the-vegetarian','hankang','The Vegetarian',NULL,'novel','','{}',0,0,'seed');
INSERT OR IGNORE INTO works(id,author,title,year,kind,desc,dims,signals,tasteMatch,source) VALUES('hankang::human-acts','hankang','Human Acts',NULL,'novel','','{}',0,0,'seed');
INSERT OR IGNORE INTO works(id,author,title,year,kind,desc,dims,signals,tasteMatch,source) VALUES('chaze::black-wings-has-my-angel','chaze','Black Wings Has My Angel',NULL,'novel','','{}',0,0,'seed');
INSERT OR IGNORE INTO works(id,author,title,year,kind,desc,dims,signals,tasteMatch,source) VALUES('wehunt::greener-pastures','wehunt','Greener Pastures',NULL,'novel','','{}',0,0,'seed');
INSERT OR IGNORE INTO works(id,author,title,year,kind,desc,dims,signals,tasteMatch,source) VALUES('mrshelley::frankenstein','mrshelley','Frankenstein',NULL,'novel','','{}',0,0,'seed');
INSERT OR IGNORE INTO works(id,author,title,year,kind,desc,dims,signals,tasteMatch,source) VALUES('lefanu::carmilla','lefanu','Carmilla',NULL,'novel','','{}',0,0,'seed');
INSERT OR IGNORE INTO works(id,author,title,year,kind,desc,dims,signals,tasteMatch,source) VALUES('lefanu::green-tea','lefanu','Green Tea',NULL,'novel','','{}',0,0,'seed');
INSERT OR IGNORE INTO works(id,author,title,year,kind,desc,dims,signals,tasteMatch,source) VALUES('hjames::the-turn-of-the-screw','hjames','The Turn of the Screw',NULL,'novel','','{}',0,0,'seed');
INSERT OR IGNORE INTO works(id,author,title,year,kind,desc,dims,signals,tasteMatch,source) VALUES('wharton::the-ghost-stories-of-edith-wharton','wharton','The Ghost Stories of Edith Wharton',NULL,'collection','','{}',0,0,'seed');
INSERT OR IGNORE INTO works(id,author,title,year,kind,desc,dims,signals,tasteMatch,source) VALUES('chambers::the-king-in-yellow','chambers','The King in Yellow',NULL,'novel','','{}',0,0,'seed');
INSERT OR IGNORE INTO works(id,author,title,year,kind,desc,dims,signals,tasteMatch,source) VALUES('dunsany::the-gods-of-peg-na','dunsany','The Gods of Pegāna',NULL,'novel','','{}',0,0,'seed');
INSERT OR IGNORE INTO works(id,author,title,year,kind,desc,dims,signals,tasteMatch,source) VALUES('lovecraft::the-shadow-over-innsmouth','lovecraft','The Shadow Over Innsmouth',NULL,'novel','','{}',0,0,'seed');
INSERT OR IGNORE INTO works(id,author,title,year,kind,desc,dims,signals,tasteMatch,source) VALUES('lovecraft::at-the-mountains-of-madness','lovecraft','At the Mountains of Madness',NULL,'novel','','{}',0,0,'seed');
INSERT OR IGNORE INTO works(id,author,title,year,kind,desc,dims,signals,tasteMatch,source) VALUES('cas::the-dark-eidolon','cas','The Dark Eidolon',NULL,'novel','','{}',0,0,'seed');
INSERT OR IGNORE INTO works(id,author,title,year,kind,desc,dims,signals,tasteMatch,source) VALUES('rehoward::pigeons-from-hell','rehoward','Pigeons From Hell',NULL,'novel','','{}',0,0,'seed');
INSERT OR IGNORE INTO works(id,author,title,year,kind,desc,dims,signals,tasteMatch,source) VALUES('gilman::the-yellow-wallpaper','gilman','The Yellow Wallpaper',NULL,'novel','','{}',0,0,'seed');
INSERT OR IGNORE INTO works(id,author,title,year,kind,desc,dims,signals,tasteMatch,source) VALUES('onions::widdershins','onions','Widdershins',NULL,'novel','','{}',0,0,'seed');
INSERT OR IGNORE INTO works(id,author,title,year,kind,desc,dims,signals,tasteMatch,source) VALUES('delamare::seaton-s-aunt','delamare','Seaton''s Aunt',NULL,'novel','','{}',0,0,'seed');
INSERT OR IGNORE INTO works(id,author,title,year,kind,desc,dims,signals,tasteMatch,source) VALUES('delamare::the-return','delamare','The Return',NULL,'novel','','{}',0,0,'seed');
INSERT OR IGNORE INTO works(id,author,title,year,kind,desc,dims,signals,tasteMatch,source) VALUES('benson::the-room-in-the-tower','benson','The Room in the Tower',NULL,'novel','','{}',0,0,'seed');
INSERT OR IGNORE INTO works(id,author,title,year,kind,desc,dims,signals,tasteMatch,source) VALUES('wakefield::they-return-at-evening','wakefield','They Return at Evening',NULL,'novel','','{}',0,0,'seed');
INSERT OR IGNORE INTO works(id,author,title,year,kind,desc,dims,signals,tasteMatch,source) VALUES('oliphant::the-open-door','oliphant','The Open Door',NULL,'novel','','{}',0,0,'seed');
INSERT OR IGNORE INTO works(id,author,title,year,kind,desc,dims,signals,tasteMatch,source) VALUES('riddell::weird-stories','riddell','Weird Stories',NULL,'collection','','{}',0,0,'seed');
INSERT OR IGNORE INTO works(id,author,title,year,kind,desc,dims,signals,tasteMatch,source) VALUES('saki::the-chronicles-of-clovis','saki','The Chronicles of Clovis',NULL,'novel','','{}',0,0,'seed');
INSERT OR IGNORE INTO works(id,author,title,year,kind,desc,dims,signals,tasteMatch,source) VALUES('wfharvey::the-beast-with-five-fingers','wfharvey','The Beast with Five Fingers',NULL,'novel','','{}',0,0,'seed');
INSERT OR IGNORE INTO works(id,author,title,year,kind,desc,dims,signals,tasteMatch,source) VALUES('gautier::la-morte-amoureuse','gautier','La Morte Amoureuse',NULL,'novel','','{}',0,0,'seed');
INSERT OR IGNORE INTO works(id,author,title,year,kind,desc,dims,signals,tasteMatch,source) VALUES('strobl::lemuria','strobl','Lemuria',NULL,'novel','','{}',0,0,'seed');
INSERT OR IGNORE INTO works(id,author,title,year,kind,desc,dims,signals,tasteMatch,source) VALUES('gogol::viy','gogol','Viy',NULL,'novel','','{}',0,0,'seed');
INSERT OR IGNORE INTO works(id,author,title,year,kind,desc,dims,signals,tasteMatch,source) VALUES('gogol::the-nose','gogol','The Nose',NULL,'novel','','{}',0,0,'seed');
INSERT OR IGNORE INTO works(id,author,title,year,kind,desc,dims,signals,tasteMatch,source) VALUES('potocki::the-manuscript-found-in-saragossa','potocki','The Manuscript Found in Saragossa',NULL,'novel','','{}',0,0,'seed');
INSERT OR IGNORE INTO works(id,author,title,year,kind,desc,dims,signals,tasteMatch,source) VALUES('pusongling::strange-tales-from-a-chinese-studio','pusongling','Strange Tales from a Chinese Studio',NULL,'collection','','{}',0,0,'seed');
INSERT OR IGNORE INTO works(id,author,title,year,kind,desc,dims,signals,tasteMatch,source) VALUES('kyoka::the-holy-man-of-mount-koya','kyoka','The Holy Man of Mount Koya',NULL,'novel','','{}',0,0,'seed');
INSERT OR IGNORE INTO works(id,author,title,year,kind,desc,dims,signals,tasteMatch,source) VALUES('sologub::the-petty-demon','sologub','The Petty Demon',NULL,'novel','','{}',0,0,'seed');
INSERT OR IGNORE INTO works(id,author,title,year,kind,desc,dims,signals,tasteMatch,source) VALUES('panizza::the-pig','panizza','The Pig',NULL,'novel','','{}',0,0,'seed');
INSERT OR IGNORE INTO works(id,author,title,year,kind,desc,dims,signals,tasteMatch,source) VALUES('schwob::the-king-in-the-golden-mask','schwob','The King in the Golden Mask',NULL,'novel','','{}',0,0,'seed');
INSERT OR IGNORE INTO works(id,author,title,year,kind,desc,dims,signals,tasteMatch,source) VALUES('dinesen::seven-gothic-tales','dinesen','Seven Gothic Tales',NULL,'collection','','{}',0,0,'seed');
INSERT OR IGNORE INTO works(id,author,title,year,kind,desc,dims,signals,tasteMatch,source) VALUES('matheson::i-am-legend','matheson','I Am Legend',NULL,'novel','','{}',0,0,'seed');
INSERT OR IGNORE INTO works(id,author,title,year,kind,desc,dims,signals,tasteMatch,source) VALUES('matheson::hell-house','matheson','Hell House',NULL,'novel','','{}',0,0,'seed');
INSERT OR IGNORE INTO works(id,author,title,year,kind,desc,dims,signals,tasteMatch,source) VALUES('beaumont::perchance-to-dream','beaumont','Perchance to Dream',NULL,'novel','','{}',0,0,'seed');
INSERT OR IGNORE INTO works(id,author,title,year,kind,desc,dims,signals,tasteMatch,source) VALUES('bradbury::something-wicked-this-way-comes','bradbury','Something Wicked This Way Comes',NULL,'novel','','{}',0,0,'seed');
INSERT OR IGNORE INTO works(id,author,title,year,kind,desc,dims,signals,tasteMatch,source) VALUES('bradbury::the-october-country','bradbury','The October Country',NULL,'collection','','{}',0,0,'seed');
INSERT OR IGNORE INTO works(id,author,title,year,kind,desc,dims,signals,tasteMatch,source) VALUES('jfinney::the-body-snatchers','jfinney','The Body Snatchers',NULL,'novel','','{}',0,0,'seed');
INSERT OR IGNORE INTO works(id,author,title,year,kind,desc,dims,signals,tasteMatch,source) VALUES('levin::rosemary-s-baby','levin','Rosemary''s Baby',NULL,'novel','','{}',0,0,'seed');
INSERT OR IGNORE INTO works(id,author,title,year,kind,desc,dims,signals,tasteMatch,source) VALUES('levin::a-kiss-before-dying','levin','A Kiss Before Dying',NULL,'novel','','{}',0,0,'seed');
INSERT OR IGNORE INTO works(id,author,title,year,kind,desc,dims,signals,tasteMatch,source) VALUES('blatty::the-exorcist','blatty','The Exorcist',NULL,'novel','','{}',0,0,'seed');
INSERT OR IGNORE INTO works(id,author,title,year,kind,desc,dims,signals,tasteMatch,source) VALUES('siddons::the-house-next-door','siddons','The House Next Door',NULL,'novel','','{}',0,0,'seed');
INSERT OR IGNORE INTO works(id,author,title,year,kind,desc,dims,signals,tasteMatch,source) VALUES('marasco::burnt-offerings','marasco','Burnt Offerings',NULL,'novel','','{}',0,0,'seed');
INSERT OR IGNORE INTO works(id,author,title,year,kind,desc,dims,signals,tasteMatch,source) VALUES('etchison::the-dark-country','etchison','The Dark Country',NULL,'collection','','{}',0,0,'seed');
INSERT OR IGNORE INTO works(id,author,title,year,kind,desc,dims,signals,tasteMatch,source) VALUES('tem::ubo','tem','Ubo',NULL,'novel','','{}',0,0,'seed');
INSERT OR IGNORE INTO works(id,author,title,year,kind,desc,dims,signals,tasteMatch,source) VALUES('tem::city-fishing','tem','City Fishing',NULL,'novel','','{}',0,0,'seed');
INSERT OR IGNORE INTO works(id,author,title,year,kind,desc,dims,signals,tasteMatch,source) VALUES('brite::exquisite-corpse','brite','Exquisite Corpse',NULL,'novel','','{}',0,0,'seed');
INSERT OR IGNORE INTO works(id,author,title,year,kind,desc,dims,signals,tasteMatch,source) VALUES('mccammon::swan-song','mccammon','Swan Song',NULL,'novel','','{}',0,0,'seed');
INSERT OR IGNORE INTO works(id,author,title,year,kind,desc,dims,signals,tasteMatch,source) VALUES('mccammon::boy-s-life','mccammon','Boy''s Life',NULL,'novel','','{}',0,0,'seed');
INSERT OR IGNORE INTO works(id,author,title,year,kind,desc,dims,signals,tasteMatch,source) VALUES('ellison::the-deathbird','ellison','The Deathbird',NULL,'novel','','{}',0,0,'seed');
INSERT OR IGNORE INTO works(id,author,title,year,kind,desc,dims,signals,tasteMatch,source) VALUES('ellison::i-have-no-mouth-and-i-must-scream','ellison','I Have No Mouth and I Must Scream',NULL,'novel','','{}',0,0,'seed');
INSERT OR IGNORE INTO works(id,author,title,year,kind,desc,dims,signals,tasteMatch,source) VALUES('oates::zombie','oates','Zombie',NULL,'novel','','{}',0,0,'seed');
INSERT OR IGNORE INTO works(id,author,title,year,kind,desc,dims,signals,tasteMatch,source) VALUES('oates::where-are-you-going-where-have-you-been','oates','Where Are You Going, Where Have You Been?',NULL,'novel','','{}',0,0,'seed');
INSERT OR IGNORE INTO works(id,author,title,year,kind,desc,dims,signals,tasteMatch,source) VALUES('morrison::beloved','morrison','Beloved',NULL,'novel','','{}',0,0,'seed');
INSERT OR IGNORE INTO works(id,author,title,year,kind,desc,dims,signals,tasteMatch,source) VALUES('topor::the-tenant','topor','The Tenant',NULL,'novel','','{}',0,0,'seed');
INSERT OR IGNORE INTO works(id,author,title,year,kind,desc,dims,signals,tasteMatch,source) VALUES('cain::the-postman-always-rings-twice','cain','The Postman Always Rings Twice',NULL,'novel','','{}',0,0,'seed');
INSERT OR IGNORE INTO works(id,author,title,year,kind,desc,dims,signals,tasteMatch,source) VALUES('willeford::the-woman-chaser','willeford','The Woman Chaser',NULL,'novel','','{}',0,0,'seed');
INSERT OR IGNORE INTO works(id,author,title,year,kind,desc,dims,signals,tasteMatch,source) VALUES('willeford::miami-blues','willeford','Miami Blues',NULL,'novel','','{}',0,0,'seed');
INSERT OR IGNORE INTO works(id,author,title,year,kind,desc,dims,signals,tasteMatch,source) VALUES('himes::a-rage-in-harlem','himes','A Rage in Harlem',NULL,'novel','','{}',0,0,'seed');
INSERT OR IGNORE INTO works(id,author,title,year,kind,desc,dims,signals,tasteMatch,source) VALUES('millar::beast-in-view','millar','Beast in View',NULL,'novel','','{}',0,0,'seed');
INSERT OR IGNORE INTO works(id,author,title,year,kind,desc,dims,signals,tasteMatch,source) VALUES('rendell::a-judgement-in-stone','rendell','A Judgement in Stone',NULL,'novel','','{}',0,0,'seed');
INSERT OR IGNORE INTO works(id,author,title,year,kind,desc,dims,signals,tasteMatch,source) VALUES('izzo::total-chaos','izzo','Total Chaos',NULL,'novel','','{}',0,0,'seed');
INSERT OR IGNORE INTO works(id,author,title,year,kind,desc,dims,signals,tasteMatch,source) VALUES('dard::the-executioner-weeps','dard','The Executioner Weeps',NULL,'novel','','{}',0,0,'seed');
INSERT OR IGNORE INTO works(id,author,title,year,kind,desc,dims,signals,tasteMatch,source) VALUES('dard::bird-in-a-cage','dard','Bird in a Cage',NULL,'novel','','{}',0,0,'seed');
INSERT OR IGNORE INTO works(id,author,title,year,kind,desc,dims,signals,tasteMatch,source) VALUES('suskind::perfume','suskind','Perfume',NULL,'novel','','{}',0,0,'seed');
INSERT OR IGNORE INTO works(id,author,title,year,kind,desc,dims,signals,tasteMatch,source) VALUES('machado::her-body-and-other-parties','machado','Her Body and Other Parties',NULL,'collection','','{}',0,0,'seed');
INSERT OR IGNORE INTO works(id,author,title,year,kind,desc,dims,signals,tasteMatch,source) VALUES('nevill::the-ritual','nevill','The Ritual',NULL,'novel','','{}',0,0,'seed');
INSERT OR IGNORE INTO works(id,author,title,year,kind,desc,dims,signals,tasteMatch,source) VALUES('nevill::last-days','nevill','Last Days',NULL,'novel','','{}',0,0,'seed');
INSERT OR IGNORE INTO works(id,author,title,year,kind,desc,dims,signals,tasteMatch,source) VALUES('langan::the-fisherman','langan','The Fisherman',NULL,'novel','','{}',0,0,'seed');
INSERT OR IGNORE INTO works(id,author,title,year,kind,desc,dims,signals,tasteMatch,source) VALUES('files::experimental-film','files','Experimental Film',NULL,'novel','','{}',0,0,'seed');
INSERT OR IGNORE INTO works(id,author,title,year,kind,desc,dims,signals,tasteMatch,source) VALUES('llewellyn::furnace','llewellyn','Furnace',NULL,'novel','','{}',0,0,'seed');
INSERT OR IGNORE INTO works(id,author,title,year,kind,desc,dims,signals,tasteMatch,source) VALUES('cisco::the-divinity-student','cisco','The Divinity Student',NULL,'novel','','{}',0,0,'seed');
INSERT OR IGNORE INTO works(id,author,title,year,kind,desc,dims,signals,tasteMatch,source) VALUES('samuels::the-white-hands','samuels','The White Hands',NULL,'novel','','{}',0,0,'seed');
INSERT OR IGNORE INTO works(id,author,title,year,kind,desc,dims,signals,tasteMatch,source) VALUES('padgett::the-secret-of-ventriloquism','padgett','The Secret of Ventriloquism',NULL,'novel','','{}',0,0,'seed');
INSERT OR IGNORE INTO works(id,author,title,year,kind,desc,dims,signals,tasteMatch,source) VALUES('malerman::bird-box','malerman','Bird Box',NULL,'novel','','{}',0,0,'seed');
INSERT OR IGNORE INTO works(id,author,title,year,kind,desc,dims,signals,tasteMatch,source) VALUES('lavalle::the-ballad-of-black-tom','lavalle','The Ballad of Black Tom',NULL,'novel','','{}',0,0,'seed');
INSERT OR IGNORE INTO works(id,author,title,year,kind,desc,dims,signals,tasteMatch,source) VALUES('lavalle::the-changeling','lavalle','The Changeling',NULL,'novel','','{}',0,0,'seed');
INSERT OR IGNORE INTO works(id,author,title,year,kind,desc,dims,signals,tasteMatch,source) VALUES('due::the-reformatory','due','The Reformatory',NULL,'novel','','{}',0,0,'seed');
INSERT OR IGNORE INTO works(id,author,title,year,kind,desc,dims,signals,tasteMatch,source) VALUES('due::ghost-summer','due','Ghost Summer',NULL,'novel','','{}',0,0,'seed');
INSERT OR IGNORE INTO works(id,author,title,year,kind,desc,dims,signals,tasteMatch,source) VALUES('ward::the-last-house-on-needless-street','ward','The Last House on Needless Street',NULL,'novel','','{}',0,0,'seed');
INSERT OR IGNORE INTO works(id,author,title,year,kind,desc,dims,signals,tasteMatch,source) VALUES('kiste::the-rust-maidens','kiste','The Rust Maidens',NULL,'novel','','{}',0,0,'seed');
INSERT OR IGNORE INTO works(id,author,title,year,kind,desc,dims,signals,tasteMatch,source) VALUES('katsu::the-hunger','katsu','The Hunger',NULL,'novel','','{}',0,0,'seed');
INSERT OR IGNORE INTO works(id,author,title,year,kind,desc,dims,signals,tasteMatch,source) VALUES('lindqvist::let-the-right-one-in','lindqvist','Let the Right One In',NULL,'novel','','{}',0,0,'seed');
INSERT OR IGNORE INTO works(id,author,title,year,kind,desc,dims,signals,tasteMatch,source) VALUES('lindqvist::handling-the-undead','lindqvist','Handling the Undead',NULL,'novel','','{}',0,0,'seed');
INSERT OR IGNORE INTO works(id,author,title,year,kind,desc,dims,signals,tasteMatch,source) VALUES('tidbeck::jagannath','tidbeck','Jagannath',NULL,'novel','','{}',0,0,'seed');
INSERT OR IGNORE INTO works(id,author,title,year,kind,desc,dims,signals,tasteMatch,source) VALUES('tidbeck::amatka','tidbeck','Amatka',NULL,'novel','','{}',0,0,'seed');
INSERT OR IGNORE INTO works(id,author,title,year,kind,desc,dims,signals,tasteMatch,source) VALUES('tokarczuk::drive-your-plow-over-the-bones-of-the-dead','tokarczuk','Drive Your Plow Over the Bones of the Dead',NULL,'novel','','{}',0,0,'seed');
INSERT OR IGNORE INTO works(id,author,title,year,kind,desc,dims,signals,tasteMatch,source) VALUES('couto::sleepwalking-land','couto','Sleepwalking Land',NULL,'novel','','{}',0,0,'seed');
INSERT OR IGNORE INTO works(id,author,title,year,kind,desc,dims,signals,tasteMatch,source) VALUES('emezi::freshwater','emezi','Freshwater',NULL,'novel','','{}',0,0,'seed');
INSERT OR IGNORE INTO works(id,author,title,year,kind,desc,dims,signals,tasteMatch,source) VALUES('mieville::perdido-street-station','mieville','Perdido Street Station',NULL,'novel','','{}',0,0,'seed');
INSERT OR IGNORE INTO works(id,author,title,year,kind,desc,dims,signals,tasteMatch,source) VALUES('mieville::the-city-the-city','mieville','The City & the City',NULL,'novel','','{}',0,0,'seed');
INSERT OR IGNORE INTO works(id,author,title,year,kind,desc,dims,signals,tasteMatch,source) VALUES('crowley::little-big','crowley','Little, Big',NULL,'novel','','{}',0,0,'seed');
INSERT OR IGNORE INTO works(id,author,title,year,kind,desc,dims,signals,tasteMatch,source) VALUES('holdstock::mythago-wood','holdstock','Mythago Wood',NULL,'novel','','{}',0,0,'seed');
INSERT OR IGNORE INTO works(id,author,title,year,kind,desc,dims,signals,tasteMatch,source) VALUES('akutagawa::rash-mon','akutagawa','Rashōmon',NULL,'novel','','{}',0,0,'seed');
INSERT OR IGNORE INTO works(id,author,title,year,kind,desc,dims,signals,tasteMatch,source) VALUES('akutagawa::hell-screen','akutagawa','Hell Screen',NULL,'novel','','{}',0,0,'seed');
INSERT OR IGNORE INTO works(id,author,title,year,kind,desc,dims,signals,tasteMatch,source) VALUES('tanizaki::the-key','tanizaki','The Key',NULL,'novel','','{}',0,0,'seed');
INSERT OR IGNORE INTO works(id,author,title,year,kind,desc,dims,signals,tasteMatch,source) VALUES('tanizaki::quicksand','tanizaki','Quicksand',NULL,'novel','','{}',0,0,'seed');
INSERT OR IGNORE INTO works(id,author,title,year,kind,desc,dims,signals,tasteMatch,source) VALUES('ono::shiki','ono','Shiki',NULL,'novel','','{}',0,0,'seed');
INSERT OR IGNORE INTO works(id,author,title,year,kind,desc,dims,signals,tasteMatch,source) VALUES('cortazar::blow-up-and-other-stories','cortazar','Blow-Up and Other Stories',NULL,'collection','','{}',0,0,'seed');
INSERT OR IGNORE INTO works(id,author,title,year,kind,desc,dims,signals,tasteMatch,source) VALUES('borges::ficciones','borges','Ficciones',NULL,'novel','','{}',0,0,'seed');
INSERT OR IGNORE INTO works(id,author,title,year,kind,desc,dims,signals,tasteMatch,source) VALUES('felisberto::piano-stories','felisberto','Piano Stories',NULL,'collection','','{}',0,0,'seed');
INSERT OR IGNORE INTO works(id,author,title,year,kind,desc,dims,signals,tasteMatch,source) VALUES('sabato::the-tunnel','sabato','The Tunnel',NULL,'novel','','{}',0,0,'seed');
INSERT OR IGNORE INTO works(id,author,title,year,kind,desc,dims,signals,tasteMatch,source) VALUES('pynchon::the-crying-of-lot-49','pynchon','The Crying of Lot 49',NULL,'novel','','{}',0,0,'seed');
INSERT OR IGNORE INTO works(id,author,title,year,kind,desc,dims,signals,tasteMatch,source) VALUES('dick::ubik','dick','Ubik',NULL,'novel','','{}',0,0,'seed');
INSERT OR IGNORE INTO works(id,author,title,year,kind,desc,dims,signals,tasteMatch,source) VALUES('dick::a-scanner-darkly','dick','A Scanner Darkly',NULL,'novel','','{}',0,0,'seed');